customer_id,customer_name,customer_location
22,ATTA BROTHER M/S,TIMARGARA-A
25,BAJAUR M/S,TIMARGARA-A
30,DR MUHAMMAD KALEEM KHAN,TIMARGARA-B
40,NILL,
50,IQBAL BROTHER,TIMARGARA-A
79,JAVID M/S,TIMARGARA B
90,NEW MUKHTIAR M/S,TIMARGARA-A
91,NEW AMIN M/S,TIMARGARA-A
100,MOHIB M/S,TIMERGARA
145,NEW HAYAT M/S,TIMARGARA-B
206,AL FATAH M/S,BAJAUR-A
235,DR SHAFI ULLAH SB,INYAT KALLAY
270,NEW MADEENA M/S,INAYATKALY
290,NEW MADEENA M/S,BAJAUR-A
301,DR MUHAMMAD REHMAN(JAR),BAJUAR KHAR
302,DR GUL HALIM(PASHAT),PASHAT
370,MEDICIN POINT,TIMARGARA-A
375,SAEED PHARMACY,RABAT
377,MIS BACHA MEER,PASHAT
701,AL MANSOOR M/S,GULABAD
721,DR BAHRAMAND M/S -KAMBAT,KAMBAT
722,SEENA M/S KAMBAT,KAMBAT
723,NAVEED ALI M/S S/BAGH,SAMAR BAGH HOSPITAL
724,RAHMAN DENTAL- KAMBAT,KAMBAT
725,NEW JANDOOL M/S,SAMRBAGH
726,LADY DR SEEMA JEHANEB,MUNDA
730,AZAN PHARMACY,MUNDA
742,IMAD M/S,BATKHILA
791,BOSTAN M/S,BATKHILA
792,SULTAN SHAIR M/S,BATKHILA
793,BABO M/S BATKHILA,BATKHILA
797,MAHBOOB M/S,BATKHILA
798,SHAKEEL M/S,BATKHILA
801,ABID M/S,BATKHILA
802,ADNAN M/S,BATKHILA
803,AFZAL M/S,BATKHILA
804,AJMAL M/S,BATKHILA
805,ALAM M/S,BATKHILA
806,ALI ENTERPRISES,BATKHILA
807,ALI M/S,BATKHILA
808,AMANDARAH M/S,BATKHILA
809,AMJAD M/S,BATKHILA
810,ARSHAD M/S,BATKHILA
811,ASBAN M/S,BATKHILA
812,NIAZ M/S,BATKHILA
813,ASIF M/S,BATKHILA
814,AYAZ M/S,BATKHILA
815,ISHAQ M/S,BATKHILA
816,DIN M/S,BATKHILA
817,DIR ADENZAI M/S,BATKHILA
818,RAZA ENTERPRISES,BATKHILA
819,DR HAZRAT MANAN,BATKHILA
820,DR ISFANDIAR SB,BATKHILA
821,SANA MEDICOSE,BATKHILA
822,DR RIAZ SB,BATKHILA
823,DR SAEED SB,BATKHILA
824,DR SHAIR ALI SB,BATKHILA
825,DR YOUNUS SB,BATKHILA
826,EVER GREEN M/S,BATKHILA
827,FAHEEM M/S,BATKHILA
828,FAEEEDON M/S,BATKHILA
829,FAROOQ M/S,BATKHILA
830,FAWAD M/S,BATKHILA
831,FAZAL M/S,BATKHILA
832,FEDA M/S,BATKHILA
833,GRAN M/S,BATKHILA
834,GULL M/S,BATKHILA
835,GULZAR M/S,BATKHILA
836,HAMAAD M/S,BATKHILA
837,HAMZA M/S,BATKHILA
838,HASAN M/S,BATKHILA
839,HASNAIN M/S,BATKHILA
840,HIRA M/S,BATKHILA
841,HIDAYAT M/S,BATKHILA
842,BILAL M/S,BATKHILA
843,INAM ENTERPRISES,BATKHILA
844,INSAF M/S,BATKHILA
845,INTERNATIONAL M/S,BATKHILA
846,IQBAL M/S,BATKHILA
847,IRFAN M/S,BATKHILA
848,IZAZ M/S,BATKHILA
849,JAVID M/S,BATKHILA
850,JAWAD PHARMACY,BATKHILA
851,JONAID M/S,BATKHILA
852,KAREEM M/HALL,BATKHILA
853,KAREEM TRADERS,BATKHILA
854,KHYBER M/S,BATKHILA
855,KOTEGRAM M/S,BATKHILA
856,MADEENA M/S,BATKHILA
857,MAKKAH M/S,BATKHILA
858,MALAKAND M/S,BATKHILA
859,MALAKAND TRADERS,BATKHILA
860,MALAKAND DENTAL,BATKHILA
861,MANSOOR M/S,BATKHILA
862,NEW SALEEM M/S BATKHELA,BATKHILA
863,MAQBOOL M/S,BATKHILA
864,MUSA MEDICOSE,BATKHILA
865,MUJAHID M/S,BATKHILA
866,MUSHTAQ M/S,BATKHILA
867,NADEEM M/S,BATKHILA
868,NASAR M/S,BATKHILA
869,NISAR N/S,BATKHILA
870,NEW MALAKAND MEDICOSE,BATKHILA
871,PAPOLAR M/S,BATKHILA
872,PEER GUL M/S,BATKHILA
873,RAFIQ M/S,BATKHILA
874,RAHMAN M/S,BATKHILA
875,RIAZ M/S,BATKHILA
876,SAAD M/S,BATKHILA
877,SAHIB M/S,BATKHILA
878,SAJAD M/S,BATKHILA
879,SALEEM M/S,BATKHILA
880,SARHAD M/S,BATKHILA
881,SHAHAB M/S,BATKHILA
882,NEW KASHIF M/S,BATKHILA
883,SHEERAZ M/S,BATKHILA
884,SHOAB ENTERPRISES,BATKHILA
885,SHOAIB M/HALL,BATKHILA
886,SHOWKAT M/S,BATKHILA
887,SIRAJ M/S,BATKHILA
888,SOHAIL M/S,BATKHILA
889,STAR M/S,BATKHILA
890,SULIMAN M/S,BATKHILA
891,TARIQ M/S-C/O AHMAD SURGICAL,BATKHILA
892,TAWHEED M/S,BATKHILA
893,TOTAKAN M/S,BATKHILA
894,WAHEED ENTERPRISES,BATKHILA
895,WAHID M/S,BATKHILA
896,WAQAR M/S,BATKHILA
897,ASFANDYAR M/S,BAHADAR KHAN PLAZA BATKHILA
898,ZAKAA M/S,BATKHILA
899,DR MOMIN KHAN,NEAR WAHEED -BAT
901,AL KHEDMAT M/S,PASHAT
902,AL KOSAER M/S,PASHAT.
903,ABDUL WAHID M/S,PASHAT
904,ASGHAR M/S,PASHAT
905,AZAM M/S,PASHAT
906,DR KHAN SAEED,BAJUAR KHAR
907,DR AZIZ UL HASAN,RAGHAGAN
908,DR BASHIR SB,PASHAT
909,DR BAWAR KHAN,HAJILAWANG
910,AHMAD MEDICAL & SERGICAL,PASHAT
911,DR M-HUSAIN,PASHAT
912,DR BACHA MEER,PASHAT
913,DR M-SHAREEF SB,RAGHAGAN
914,KASHMEER M/S,BAJUAR KHAR
915,GOHAR M/S,PASHAT
916,GULL M/S,PASHAT
917,HAYAT M/S,PASHAT
918,IHSAN M/S,PASHAT
919,IRFAN M/S,PASHAT
920,KHAN BHADAR M/S,PASHAT
921,KHURSHAID M/S,RAGHAGAN
922,KOSAR M/S,PASHAT
923,NEW RAFI M/S,PASHAT
924,NEW TRIBALE,RAGHAGAN
925,SHEHZAD M/S,PASHAT
926,DR SAJAD SB,RAGHAGAN
927,TALHA M/S BATKHILA,BATKHILA
940,MAHMOOD M/S,PASHAT
950,NIZAM SALEMAN,MAKHAI
960,NEW STANDARD (AYAZ),PASHAT BAJUAR B
998,SARDAR KHAN (W.T),MAIDAN (BANDAI)
999,SHIFA M/S,BATKHILA
1001,SHAHEEN M/S,TIMERGARA.
1002,ZAIB BROTHER M/S,TIMERGARA.
1003,BAAGAM M/S,TIMERGARA.
1004,MIRZA SON'S,TIMERGARA.
1005,IJAZ M/S,TIMERGARA.
1007,FARID M/S,TIMERGARA.
1008,AL SHEIKH BROTHERS,TIMERGARA.
1009,RAHEM &NADEEM,TIMERGARA.
1010,WELCOME M/S,TIMERGARA.
1011,WARI M/S,TIMERGARA.
1012,MOHAMMED KHALIQ,TIMERGARA.
1013,IHSAN M/S,TIMERGARA.
1014,BAKHT SULAIMAN,TIMERGARA.
1015,AHMAD M/S,TIMERGARA.
1016,REHMAN M/S,TIMERGARA.
1017,NEW TAJAK M/S,TIMERGARA.
1018,RANI M/S TIMERGARA,AZHER M/CENTER TIMERGARA
1019,AFGHAN M/S,TIMERGARA.
1020,USMANIA M/S,TIMERGARA.
1021,WALAYAT M/S,TIMERGARA.
1022,ATTA BROTHERS,TIMERGARA.
1023,YASEEN M/S,TIMERGARA.
1024,JANDOL M/S,TIMERGARA.
1025,NAVEED M/S,TIMERGARA.
1026,MUKHTYAR M/S,TIMERGARA.
1027,KHAL M/S,TIMERGARA.
1028,LIFE M/S,TIMERGARA.
1029,TARIQ M/S,TIMERGARA
1030,NASAR M/S,TIMERGARA.
1031,GUL M/S,TIMERGARA.
1032,NEW AHMAD M/COMPANY,TIMERGARA.
1033,INSAF M/S,TIMERGARA.
1034,SERAJ M/S,TIMERGARA-B
1035,NOOR M/S,TIMERGARA.
1036,ISHAQ M/S,TIMERGARA.
1037,MERAJ M/S,TIMERGARA.
1038,AL BADAR M/S,TIMERGARA.
1039,ZAHID PHARMACY,TIMERGARA.(AL IMRAN M/CENTER)
1040,SUNNY MEDICOSE TMG,TIMERGARA.
1041,AYAZ M/S.,TIMERGARA.
1042,YOUSAFZAI M/S.,TIMERGARA.
1043,FARUKH M/S,TIMERGARA
1044,PAPOLAR M/S,TIMERGARA
1045,JAN M/S,TIMERGARA.
1046,HAYAT M/S,TIMERGARA D H Q HOSPITAL
1047,SHIFA M/COMPNY(GHOSO RAHMAN),TIMERGARA
1048,RIAZ M/S(AZHAR M/CENTER),TIMERGARA
1049,HALEEM M/S,TIMERGARA
1050,WAQAR M/S,TIMERGARA
1051,HAMDARD INTERPRIES,TIMERGARA
1052,NAZ DRUG HOUSE,TIMERGARA
1053,AL MADINA M/S,TIMERGARA
1054,DIN M/S,AZHAR MEDICAL CENTERE TMG
1055,NATIONAL DRUG,TIMERGARA GORGORI CHAWK
1056,STAR M/S,TIMERGARA PH:821839
1057,KAZIM M/S,TIMERGARA
1058,MAIDAN M/S,TIMERGARA
1059,RAFEE M/S,TIMERGARA
1060,SAJAD PHARMACY,TIMERGARA (AL IMRAN M/CENTER)
1061,ALI M/S,TIMERGARA
1062,INAM M/S,TIMERGARA
1063,INAYAT M/S,TIMERGARA.
1064,NEW KHAL M/S,TIMERGARA
1065,ALSHEFA M/S C/ O GHOS UR REHMA,TIMERGARA
1066,RAHEEM M/S,AZHAR PLAZA TIMERGARA
1067,AL SADAT INTERPRISE,TIMERGARA AZHAR CENTER
1068,IMRAN SHAH M/S(TIMERGARA),TIMERGARA
1069,ROGHANI M/S,TIMERGARA
1070,AFNAN M/S,TIMERGARA
1071,WELL CARE M/S,TIMERGARA-B
1072,NEW INSAF M/S,TIMERGARA
1073,NEW IQBAL M/S.,TIMERGARA.
1074,JAN PHARMACY,TIMERGARA.
1075,RAHEEL M/S(TIMERGARA),TIMERGARA.
1076,NEW MAZHAR MEDICOSE,TIMERGARA.
1077,FAWAD PHARMACY,TIMERGARA-B
1078,HAMDARAD MEDICAL&SURGICAL SERV,TIMERGARA.
1079,KHAN TRADERS,TIMERGARA.
1080,A-TABASUM M/S(TIMERGARA),TIMERGARA-A
1081,ZAHOOR M/S,TIMERGARA-B
1082,NEW TALASH M/S(TIMERGARA),TIMERGARA-B
1083,ABDURRASHID,TIMERGARA-KHAWAR
1084,MUHSIN MEDICOSE,TIMERGARA
1085,AL SHAMS MEDICOSE,TIMERGARA
1086,SULIMAN MEDICOSE,TIMERGARA
1087,KHALID MEDICOSE,BAJUAR HOSPITAL
1088,NEW ALI M/S,TIMARGARA-A
1090,TAHIR M/S,TIMERGARA
1091,TALASH M/S,TIMERGARA-B
1092,ITIFAQ MEDICOSE,TIMERGARA
1093,KHURSHAID M/S,TIMERGARA
1094,MEER MEDICOSE,TIMERGARA
1095,M.TARIQ - GUMBEER,GUMBEER
1096,AKHAGRAM M/STORE(TIMERGARA),TIMERGARA
1097,PAMIR MEDICOSE.,TIMERGARA(HOSPITAL)
1098,TIMERGARA M/STORE(TIM.G),TIMERGARA
1099,RABAT MEDICOSE.,TIMERGARA(HOSPITAL)
1100,SHAMA M/S(TIMERGARA),TIMERGARA
1101,ASIF MEDICOSE,TIMERGARA
1102,NEW CHAND M/S,TIMERGARA
1103,LANDAN MEDICOSE.,TIMERGARA
1104,ALSHIFA ENTERPRISE(TIMERGARA),TIMERGARA
1105,KHYBER M/S,TIMERGARA
1106,ITIHAD M/S(SHIFA HOSPITAL),TIMERGARA.
1107,HANIFULLAH M/S,TIMERGARA ZEB HOSPITAL
1108,DIR M/COMPANY,TIMERGARA
1109,SAJJAD M/S(TIMERGARA),TIMERGARA
1110,WAKEEL ENTERPRISES,TIMERGARA
1111,NIAZ M/S,TIMERGARA.
1112,JAN MUKHTIAR M/S,TIMERGARA
1113,DIR BALA M/S(TIMERGARA),TIMERGERA
1114,NEW SHEHZAD M/S(TIIMERGARA),TIMERGARA.
1115,NEW ITIHAD M/S(TIMERGARA),TIMERGARA
1116,MAIDAN PHARMACY(TIMERGARA),TIMERGARA
1117,KHAIR UN NAS M/S,TIMERGARA
1118,NEW AMIN M/S(TIMERGARA),TIMERGARA
1119,AL KHALIL,TIMERGARA
1121,SHIFA MEDICOSE KHWAR,TIMERGARA KHWAR
1122,TAAJ MEDICOSE NO 2,TIMERGARA B
1124,AZAM M/S(TIMERGARA),TIMERGARA
1125,AL FALAH M/S AZHAR CENTER,TIMERGARA
1126,IZAZ M/S TIMERGARA,TIMERGARA
1127,DANYAL M/S(TIMERGARA),TIMERGARA
1128,SHIFA M/S (HAJI NEMAT),TIMERGARA
1129,ZEESHAN M/S TIMERGARA,TIMERGARA
1130,BADSHAH M/S TIMERGARA,TIMERGARA
1131,AKBER M/S(BABU MARKET),TIMERGARA
1132,MODERN PHARMACY,TIMERGARA ALIMRAN HSP
1133,MALAK PHARMCY,TIMERGARA
1134,BINORI M/STORE(TIPPU PLAZA),TIMERGARA
1135,IMRAN M/S TIMERGARA,TIMERGARA
1136,UBAID M/S (TIMERGARA),TIMERGARA
1137,INQILAB M/S(TIMERGARA),TIMERGARA
1138,SMART CARE M/S,TIMERGARA-B
1139,AZHAR M/S(TIMERGARA),TIMERGARA
1140,SOHAIL M/S(AZHAR M/CENTER),TIMERGARA
1141,AFZAAL M/S TIMERGARA,TIMERGARA
1142,M-JAN ENTERPRISES TIMERGARA,TIMERGARA
1143,SAADAT M/S(TIMERGARA),TIMERGARA
1144,NADEEM M/S,TIMARGARA-B
1145,NEW MUKHTIAR M/S (TIMERGARA),TIMERGARA
1146,BAJUAR M/S(AZHAR M/CENTER),TIMERGARA
1147,HAMZA PHARMACY(TIMERGARA),TIMERGARA
1148,MIAN KALAY M/S(TIMERGARA),TIMERGARA
1149,ZAKIR M/S TIMERGARA,TIMERGARA PH#03005918347
1150,MALAK INAM M/S,TIMERGARA
1151,RAHMAT SHAH M/S(TIMRGARA),TIMERGARA
1152,NEW JAWAD M/S,TIMERGARA
1153,NEW ABBAS M/S TIMERGARA,TIMERGARA
1154,NEW JANDUL M/S TIMERGARA,TIMERGARA
1155,KHISTA REHMAN M/S(TIMERGARA),TIMERGARA
1156,SUDAIS M/CENTER (TIMERGARA),TIMERGARA
1157,KARSAAZ GENERAL STOR(TIMERGARA,TIMERGARA
1158,NEW USARAY M/S,TIMERGARA
1159,ILYAS M/S,TIMERGARA
1160,NEW MAIDAN M/S(AZHER M/CENTER),TIMERGARA
1161,SOBHAN M/S,TIMARGARA-A
1162,WAHIDULLAH DENTAL CLINIC(TIMER,TIMERGARA
1163,NEW TARIQ M/S(TIMERGARA),TIMERGARA
1164,MAYAR M/STIMERGARA),TIMERGARA
1165,TURMUNG M/STORE,TIMERGARA
1166,ISLAMIC M/STORE(AZHAR M/CENTER,TIMERGARA
1167,LAJBOK M/S(AL IMRAN HOSPITAL),TIMERGARA
1168,RAFI SEARL MANAGER,TIMERGARA
1169,NEW REHAN M/S(TIMERGARA),TIMERGARA-B
1170,YASAR M/S(TIMERGARA),TIMERGARA
1171,FARHAD M/S(AZHAR M/CENTER),TIMERGARA
1172,NOOR ENTERPRISES(TIMERGARA),TIMERGARA
1173,KHALID M/S TIMERGARA,TIMERGARA
1174,DR JAVED IQBAL SB(TIMERGARA),TIMERGARA
1175,QAZI SURGICAL(TIMERGARA),TIMERGARA
1176,ARSALAN M/S(TIMERGARA),TIMERGARA
1177,AWAIS M/S(TIMERGARA),TIMERGARA
1178,S-ALI M/S(TIMERGARA),TIMERGARA
1180,SARHAD M/S(TIMERGARA),TIMERGARA
1181,ZAM ZAM SUPER STORE(TIMERGARA),TIMERGARA KHWAR BAZAR
1182,ABAS M/S(TIMERGARA),TIMERGARA
1183,NEW ASAD M/S(TIMERGARA),TIMERGARA
1184,NEW WAQAS M/S (TIMERGARA),TIMERGARA
1185,QARI MEDICOSE,TIMERGARA
1186,MUSHTAQ M/S(AL IMRAN HOSPITAL),TIMERGARA
1187,MAYAR M/POINT(TIMERGARA),TIMERGARA
1188,FARHAN M/S(TIMERGARA),TIMERGARA
1189,AL-NAJAM M/S(TIMERGARA),TIMERGARA
1190,IRFAN INTERPRISES,TIMERGARA
1191,A-ONE SIRGICAL. (TIMERGARA),TIMERGARA
1192,KHYBER 2(TIMERGARA),TIMERGARA
1193,FAZAL M/STORE(TIMERGARA),TIMERGARA
1194,NEW SAJJAD M/S(TIMERGARA),TIMERGARA
1195,PEARAL M/CENTER(TIMERGARA),TIMERGARA
1196,GHANI M/S (TIMERGARA),TIMERGARA
1197,PAKISTAN M/S(TIMERGARA),TIMERGARA-B
1198,PAK ROGHANI M/S,TIMERGARA
1199,BILAL M/S (TIMERGARA),TIMERGARA
1200,NEW AL-IMRAN M/S(TIMERGARA),TIMERGARA-B
1201,NEW IQBAL M/S,TIMARGARA-B
1202,DAWOOD SUPER STORE(TIMERGARA),TIMERGARA
1203,DUAA PHARMACY,TIMERGARA-A
1204,KHATAK M/S (TIMERGARA),TIMERGARA
1205,ILYAS M/STORE (TIMERGARA),TIMERGARA
1206,BIO CARE (TIMERGARA),TIMERGARA
1207,NEW FAHAD M/S(TIMERGARA),TIMERGARA
1208,FAHAD M/S (TIMERGARA),TIMERGARA-B
1209,SAHARA M/S (TIMERGARA),TIMERGARA
1210,MAZHAR M/S (TIMERGARA),TIMERGARA-B
1211,JAVID M/S CITY HOS(TIMERGARA),TIMERGARA
1212,NEW ARANG M/S (TIMERGARA),TIMERGARA
1213,SAQIB M/STORE (TIERGARA),TIMERGARA
1214,SAID NAWAB M/S (TIMERGARA),TIMERGARA
1215,DR HAMAD M/S (TIMERGARA),TIMERGARA
1216,ZIA M/STORE & LAB(TIMERGARA),TIMERGARA
1217,KHAZANA M/S (TIMERGARA),TIMERGARA
1218,FAZAL RABI M/S(TIMERGARA),TIMERGARA-B
1219,UBAID PHARMCY,TIMERGARA-B
1220,SKY PHARMACY (TIMERGARA),TIMERGARA
1221,SAAD M/S (TIMERGARA),TIMERGARA
1222,ABDUL AZIZ M/S (TIMERGARA),TIMERGARA
1223,KHAN BAHADAR M/STORE(TIMERGARA,TIMERGARA
1224,WAHID ZADA M/STORE(TIMERGARA),TIMERGARA
1226,MOHAMMAD SAJJAD PHARMACY,TIMERGARA-B
1227,DUSHKHAIL M/S (TIMERGARA),TIMERGARA
1228,ALI ENTERPRISES(TIMERGARA),TIMERGARA
1229,WAHEED PHARMACY,TIMERGARA
1230,JAMAL SHAH M/S(TIMERGARA),TIMERGARA
1231,ARANG M/S,TIMERGARA-B
1232,ZIA M/S (TIMERGARA),TIMERGARA
1233,ZAHOOR & BROTHERS,TIMERGARA
1234,MIAN ENTERPRISES,TIMERGARA
1235,NEW LAJBOK M/S(TIMERGARA),TIMERGARA
1236,HIKMAT M/STORE(TIMERGARA),TIMERGARA
1238,KHAN & BROTHERS M/COMPANY(TMG),TIMERGARA
1239,DURANI M/S(TIMERGARA),TIMERGARA
1240,DR KHAISTA RAHMAN SB,MIDAN
1241,NEW BAJUAR M/STORE(TIMERGARA),TIMERGARA
1242,MAKHAI M/S(TIMERGARA),TIMERGARA-B
1243,SHAHID M/TRADERS(TIMERGARA),TIMERGARA
1244,ASAD SURGICAL(TIMERGARA),TIMERGARA
1245,HAMID PHARMACY(TIMERGARA),TIMERGARA
1246,NEW NAZIM M/S(TIMERGARA),TIMERGARA
1247,CITY M/STORE(TIMERGARA),TIMERGARA
1248,NAZIM M/S(TIMERGARA),TIMERGARA
1249,NEW BAJUAR M/S(TIMERGARA),TIMERGARA-B
1250,NEW RAHEEM M/S,TIMERGARA
1251,NEW BILAL M/S(TIMERGARA),TIMERGARA-B
1252,DOCTOR PHARMACY(TIMERGARA),TIMERGARA
1253,ABUZAR M/S(TIMERGARA),TIMERGARA-B
1254,NEW JATGARAM M/S(TIMERGARA),TIMERGARA
1255,SADIQ M/S(KHWAR TIMERGARA),TIMERGARA
1256,JATGRAM M/S(TIMERGARA),TIMERGARA
1257,IJAZ PHARMACY(TIMERGARA),TIMERGARA 2
1258,THREE STAR M/COMPANY(TIMERGARA,TIMERGARA 2
1259,NEW IHSAN MEDICOSE,TIMERGARA
1260,NEW ARMAN & ROMAN M/S(TMG),TIMERGARA
1261,NEW SUBHAN M/S(TIMERGARA),TIMERGARA
1262,NEW SADAT M/S(TIMERGARA),TIMERGARA
1263,NEW NASAR M/S(TIMERGARA),TIMERGARA
1264,SARWAR TRADERS(TIMERGARA),TIMERGARA
1265,FRIENDS M/S,TIMERGARA
1266,SABNA M/STORE(TIMERGARA),TIMERGARA
1267,AZIZ M/S CITY HOSPITAL,TIMERGARA B
1268,JUNAID M/S(TIMERGARA),TIMERGARA
1269,NEW ABAS SHOPING CENTER(TIMERG,TIMERGARA KHWAR BAZAR
1270,BILAL M/S (TIMERGARA),NOOR MARKET KHWAR
1271,KHALIFA GENRAL STORE(TIMERGARA,GURGURI CHAWAK
1272,GULISTAN BAKERS,TIMERGARA KHWAR
1273,NEW SERAJ M/S(TIMERGARA),TIMERGARA
1274,ABSAR M/STORE(TIMERGARA),TIMERGARA
1275,MIRAJ M/S TIMARGARA,TIMERGARA
1276,ZEESHAN M/COMPANY(TIMERGARA),TIMERGARA
1277,SAMI M/S(TIMERGARA),TIMERGARA
1278,IKHWAN GENREAL STORE(TIMERGARA,NAZ MARKIT TIMERGARA
1279,JAWAD MEDICOSE TMG,TIMERGARA
1280,SOHRAB M/S(TIMERGARA),TIMERGARA
1281,NEW INAM(TIMERGARA),TIMERGARA
1282,WAKEEL PHARMACY,TIMERGARA
1283,SADA BAHAAR M/S(TIMERGARA),TIMERGARA
1284,KOH-E-NOOR M/S(TIMERGARA),TIMERGARA
1285,MEDICARE M/S(TIMERGARA),TIMERGARA
1286,NEW INAYAT M/S(TIMERGARA),TIMERGARA
1287,KHALIL M/STORE(TIMERGARA),TIMERGARA-B
1288,SERAJ M/S(TIMERGARA),TIMERGARA
1289,ATAL M/S(TIMERGARA),TIMERGARA
1290,AL RAHMAT PHARMACY(TIMERGARA),TIMERGARA
1291,LUQMAN M/S(TIMERGARA),TIMERGARA
1292,IBAD OPTICAL STORE(TIMERGARA),TIMERGARA
1293,HAROON M/STORE(TIMERGARA),CITY M/COMPLEX(TMG)
1294,JEBRAN M/S(CITY HOSPITAL TIMER,TIMERGARA
1295,SANA M/S(TIMERGARA),TIMERGARA
1296,SKY MOON PHARMACY(TIMERGARA),TIMERGARA
1297,MIR ENTERPRISES(TIMERGARA),TIMERGARA
1298,SHEHZAD M/S(TIMERGARA),TIMERGARA
1299,HAJI PHARMACY(TIMERGARA),TIMERGARA
1300,SHEHZAD M/S(TIMERGARA),TIMERGARA
1301,UNITED NO (2),TIMERGARA-B
1302,CITY PHARMECY,TIMERGARA B
1303,SHENWARI M/S(TIMERGARA),TIMERGARA
1304,SAHIB ABAD M/S(TIMERGARA),TIMERGARA
1305,NEW INSAF M/S(TIMERGARA),TIMERGARA
1306,SKY LAND M/S(TIMERGARA),TIMERGARA
1307,IHTESHAM M/S,TIMERGARA
1308,CHAND M/STORE(TIMERGARA),TIMERGARA-B
1309,ISRAR ZADA GENREL STORE,GORGORY CHOWK TIMERGARA
1310,UMAR M/S(TIMERGARA),TIMERGARA
1311,NEW TALASH M/S,TIMERGARA
1312,INSAF DENTAL CLINIC(KHWAR),TIMERGRARA-B-
1313,NEW AKHAGRAM M/S(TIMERGARA),TIMERGARA-B
1314,NEW RAHEEM M/S(TIMERGARA),TIMERGARA-B
1315,NEW AL-MADINA M/S(TIMERGARA),TIMERGARA
1316,NEW HAMID M/S(TIMERGARA),TIMERGARA
1317,SALAHUDIN GENRAL STORE(TIMERGA,TIMERGARA
1318,QADIM GENRAL STORE(TIMERGARA),TIMERGARA
1319,NIHAG DARA MEDICOSE,AZHAR PLAZA TIMERGARA
1320,ZUBAIR M/S,TIMARGARA-A
1321,AJLAAN M/S,TIMERGARA-B
1322,MAJEED BABU,TIMERGARA
1323,SHAH M/STORE(TIMERGARA),TIMERGARA-B
1324,DUBAI SHOPING CENTER,TIMERGARA
1325,SHAHAB M/S,TIMERGARA-B
1326,ARSALAN GENRAL STORE(TIMERGARA,TIMERGARA
1327,GUL ZAIB M/S,TIMERGARA
1328,SHAHID M/POINT(TIMERGARA),TIMERGARA
1329,NEW KHALID M/S(TIMERGARA),TIMERGARA-B
1330,NEW ROGHANI M/S(TIMERGARA),TIMERGARA
1331,MEHRAN M/S(TIMERGARA),TIMERGARA
1332,NEW KARO M/S(TIMERGARA),TIMERGARA-B
1333,NEW WAHAB & BROTHER,TIMERGARA B
1334,SAHIL M/S(TIMERGARA),TIMERGARA
1335,MAIDAN M/COMPANY(TIMERGARA),TIMERGARA-B
1336,UMAR SHOPING CENTER(TIMERGARA),TIMERGARA KHWAR BAZAR
1337,BABU COSMETICS(CHAINA MARKET),TIMERGARA
1338,NEW ZAHID MEDICOSE(TIMERGARA),TIMERGARA
1339,ZAHID MEDICOSE(TIMERGARA),TIMERGARA
1340,JOLI SHOPING STORE(TIMERGARA),TIMERGARA
1341,WATAN MEDICOSE(TIMERGARA),TIMERGARA
1342,AJMAL M/S(TIMERGARA),TIMERGARA
1343,HASSN M/STORE,TIMERGARA-B
1344,AL KHALID M/COMPANY(TIMERGARA),TIMERGARA
1345,GULISTAN SUPER STORE,TIMERGARA
1346,JANDOL M/CENTER(TIMERGARA),TIMERGARA
1347,NEW SHAHID M/S(TIMERGARA),TIMERGARA
1348,SHAYAN M/S(TIMERGARA),TIMARGARA-B
1349,NEW MUHSIN M/S(TIMERGARA),TIMERGARA-B
1350,DR SAQIB IQBAL,MIAN BANDA TIMERGARA
1351,SHAHAB M/S,TIMERGARA
1352,NEW HILAL AZHAR PLAZA,TIMERGARA
1353,M-ZAHIR M/S(TIMERGARA),TIMERGARA
1354,ALIZA M/COMPANY(TIMERGARA),TIMERGARA
1355,NEW SAHAIL M/S,TIMERGARA-B
1356,LAHOR MEDICIN COMPANY TMG,TIMERGARA
1357,TAJAK PHARMACY,TIMARGARA-B
1358,HEALTH CARE PHARMACY,TIMERGARA B
1359,IKRAM M/STORE,NAZ MARKIT TIMERGARA
1360,NEW ITTEFAQ MEDICOSE,TIMERGARA
1361,DIR SURGICAL,TIMERGARA
1362,ANWAR MEDICOSE TIMERGARA,TIMERGARA
1363,MUSTAQEEM M/S TIMERGARA,
1364,NEW QAZI M/S (TIMERGARA),TIMERGARA
1365,AHMAD SALEEM M/S(TIMERGARA),TIMERGARA
1366,REWAJ SHOPING CENTER,TIMERGARA
1367,SHIFA MEDICOSE KHWAR,TIMERGARA
1368,AMAR M/S TIMERGARA,TIMERGARA
1369,SHAH KHALID,TIMEGARA
1370,SADAM M/STORE,TIMERGARA
1371,SAFI M/S TIMERGARA,TIMERGARA
1372,GOHAR MEDICOSE TIMERGARA,TIMERGARA
1373,IMTIAZ M/STORE,TIMERGARA
1374,AL IMRAN DENTAL CLINIC,NEAR DR SHAH BAHADAR SB CLINIC
1375,NEW KHAN M/COMPANY,TIMERGARA
1376,NEW ITEHAD M/S,TIMERGARA
1377,ZAM ZAM MEDICOSE,TIMERGARA
1378,QAMAR MEDICAL & SURGICAL,TIMERGARA
1379,INAM M/S,TIMERGARA-B
1380,INAYAT UL HAQ(DEGREE COLLEGE ),G P G COLLEGE TIMERGARA
1381,KHAN ENTERPRISES,TIMARGARA
1382,SAALAR M/S,TIMARGARA-B
1383,SAAMI M/S,TIMARGARA-B
1385,H.RAHMAN M/S,TIMARGARA-A
1390,TAJ UD DIN SALMAN,SIAR TMG
1391,SAID NAWAB M/S,TIMARGARA-B
1392,NEW SADIQ M/S,TIMARGARA-B
1395,TAAJ M/COMPNY,TIMARGARA-B
1396,NEW SADAT M/S,TIMARGARA-B
1397,SUBHAN M/S,TIMARGARA-B
1398,LAJBOK M/S,TIMARGARA-B
1399,CARE PHARMACY,TIMARGARA
1401,JAMEEL M/S,BATKHILA
1402,STANDARD M/S,SHAMSHI KHAN
1403,SHENO C/O PEER GUL,BATKHILA
1404,DR IKRAM SB C/O NEW SALEEM,BATKHILA
1405,KHURSHAID M/S,BATKHILA
1406,NEW HILAL M/S,TIMARGARA-B
1421,MUJEEB M/STORE (TIMERGARA),TIMERGARA
1422,NEW INSAF M/S,CHAKDARA
1423,DR NIAZ SB NEER (GANDHARA),CHAKDARA
1424,WARSAKM/HOME,CHAKDARA
1425,NEW AMAR M/S,TIMARGARA-B
1428,NEW AMIN M/S,TIMARGARA
1429,AHMAD M/S,TIMARGARA-B
1431,SANA M/S,TIMARGARA-B
1434,DR FAZL GHAFOR SB,LOISAM
1437,DR LALBACHA SB,PHATAK
1440,AL RAHMAT M/S,TIMARGARA-B
1441,NEW QAZAFI M/S,TIMARGARA-B
1443,JANDOOL -B .M/S,TIMARGARA-B
1449,DR MUSTAFA SB,HAJIABAD
1450,M-KHALIQ M/S,TIMARGARA-A
1451,NOOR M/S(BARAWAL),BARAWAL
1452,M-JAN M/S,TIMARGARA
1453,NEW MUKTIAR M/S,TIMARGARA
1454,AZAAN ENTERPRISES,TIMARGARA
1455,LIFE M/S,KUMBAR
1456,RABAT PHARMACY,TIMARGARA-B
1457,IZAZ M/S,TIMARGARA
1458,SAYED M/S,TIMARGARA
1459,NEW IBAD M/S,TIMARGARA-B
1460,DR SHAH AMIN SB,LAJBOK
1461,NEW LATIF M/S,KUMBAR
1462,ALAM M/S,LALAQALA
1463,RODBARI,TIMARGARA-B
1464,NEW ISMAIL M/S,KUMBAR
1466,NEW INSAF M/S,LALQALA
1467,NEW RIAZ M/S,LALQALA
1471,NEW BAJAUR M/S,KHAR
1472,AL SHEFA M/S,PASHAT
1473,DR YOUUF KHAN SB,TIMARGARA- B
1474,AMIN CLINIC,TIMARGARA- B
1475,AL SHEFA M/S,TIMARGARA-B
1476,NEMAT M/S,LALQALA
1477,SARDAR M/S KAMBAT,KAMBAT
1478,ALI SURGICAL,SAMARBAGH
1479,DR DAWOOD SHAH,MAYAR
1480,NEW AL SHEFA M/S,SAMARBAGH
1482,ZAMZAM M/S,TIMARGARA-B
1485,S.H PHARMACY,TIMARGARA-B
1488,ALI M/S-B,TIMARGARA-B
1490,DR ALI SB,TIMARGARA-B
1491,DR KHISTA RAHMAN SB,KUMBAR
1492,DR GHULAM DAWOOD SB,LALQALA.
1493,JAMAL PHARMACY,BATKHILA
1495,PESHAWAR MEDICEN/C,KUMBAR
1496,DR IMTIAZ SB,TIMARGARA
1498,BARON M/POINT,TIMARGARA-B
1500,NILL,TIMARGARA-B
1501,RAYYAN M/S,TIMARGARA-B
1502,NEW LIFE M/STORE,TIMARGARA-B
1782,ARSALAN M/S,TIMARGARA-B
1783,NEW ROGHANI M/S,TIMARGARA-B
1784,MIA,G M/S TIMARGARA
2000,ROGHANI BROTHER,TIMERGARA B
2001,SHAFI M/COMPANY,TIMERGARA
2002,DR INAYAT-ULHAQ SB,TIMERGARA KHWAR BAZAR
2003,DR MANZOOR SB,TIMERGARA (KHWAR)
2004,AL JAZIRA M/S,NAZ MARKET TIMERGARA
2005,DR KH0RSHAID SB,TIMERGARA KHWAR BAZAR
2006,HABIB M/S,TIMERGARA ADA BAZAR
2007,SHAH M/S,TIMERGARA KHWAR BAZAR
2008,DR FAZAL REHMAN,TIMERGARA B
2009,KHYBER M/S,TIMERGARA-B -KHWAR BAZAR
2010,LADY DR NATASHA AFZAL,REST HOUSE ROAD TIMERGARA
2011,REHAN MEDICOSE,TIMERGARA
2012,DR SHOAIB SB(TIMERGARA),TIMERGARA-B
2013,SHAKIR SURGICAL,TIMERGARA.
2014,LADY DR SHAMIM FAROOQ,TIMERGARA MAIN BANDA CAMP
2015,DR ALI KHAZANA KHAZANA,TIMARGARA
2016,BILAL HOSPITAL C/O DR SERAJ SB,TIMERGARA(TIMER)
2017,"DR,AZIZ-UR-REHMAN. SB",BALAMBAT.
2021,HAMAD M/S,TIMERGARA
2034,AL HASAN,AZHAR CENTER
2041,MR IFTIKHAR(KHUNGI),DIR
2042,DR RIAZ,BAGH DUSHKHEL
2044,USMAN MEDICOSE,TIMERGARA
2048,AL IMRAN,TIMERGARA B
2064,DR M.KALEEM SB****,MIAN BANDA NEAR GRID STATIN
2070,IKHLAS M/S,TIMERGARA
2074,LADY DR NAJMA JAHANGIR,MIAN BANDA TIMERGARA
2075,DR ZAREEF KHAN SB,TIMERGARA.
2076,HAMAS M/S,TIMERGARA AZHAR PLAZA
2078,BILAL M/S(KHWAR),KHWAR TIMERGARA
2079,MUHAMMAD,BATKHILA
2083,HELTH PHARMACY,TIMERGARA
2090,DR ZAFAR AYAZ SB,TIMARBGARA
2093,KHAN G:PHARMACY,TIMERGARA AZHAR PLAZA
2094,MUHEEB MEDICAL STORE MAYAR,MAYAR
2096,NIZAM-UD-DIN M/S(KHWAR),TIMARGARA-B
2099,DR TASLIM KHURSHID (KHAZANA),BAJUAR KHAR
2103,MR AZHARUDIN(SALE MAN),KOTKI
2104,HASAN PHARMACY,TIMERGARA A
2108,SERAJ M/S(KHWAR),TIMERGARA KHWAR
2109,MADINA HEALTH,TIMERGARA
2111,LADY DR MUSARAT SHAUKAT,TIMERGARA
2112,NEW HAYAT M/COMPANY(TIMERGARA),TIMERGARA KHWAR BAZAR
2113,GREEN PHARMCY,WARI
2117,HANEEF M/S,TIMERGARA-B
2118,LIFE M/S,TIMARGARA-B
2129,MR TARIQ (SALES MAN),BAJUAR KHAR
2130,BASIT M/S (KHUR)TMG,TIMERGARA KHWAR BAZAR
2132,ASHRAF M/CENTER(TIMERGARA),TIMERGARA
2134,((IHTISHAM M/S(AL IMRAN HOTEL),TIMERGARA-2
2135,AFZAL M/HOME(TIMERGARA),REST HOUSE ROADPH#3439829446
2138,IMRAN M/S C/O DR RAHIM ZADA,REST HOUSE ROAD TIMERGARA
2139,MADINA MEDICAL CENTER,MUNDA HASPATAL
2140,ADIL MEDICAL STORE TMG,TIMERGARA
2141,ARMAN & ROMAN M/STOR(TIMERGARA,TIMERGARA
2142,NEW ZIA M/S(TIMERGARA),TIMERGARA
2143,UNIVERSAL MEDICAL STORE,BATKHELA
2145,HILAL MEDICOSE TMG,TIMERGARA
2178,AKMAAM M/S (TIMERGARA),TIMERGARA
2192,MR WAQAR AHMAD(MAKHAI),HOSPITAL
2195,NEW ZAIB MEDICOSE,TIMERGARA
2196,DAR-U-SHIFA MEDICOSE,TIMERGARA
2197,ZIMDARA MEDICOSE,TIMERGARA
2198,DIR M/S ITTEFAQ PLAZA,TIMERGARA-B
2199,PESHAWAR SURGECAL,TIMERGARA. B
2200,LIAQAT M/STORE,TIMERGARA
2202,SARHAD MEDICOSE TMG,TIMERGARA
3000,BUKHARI MEDICAL STORE,TALASH
3001,IJAZ M/S,INAYAT KALAY
3002,DR HAZRAT HALEEM SB,BAJUAR KHAR
3003,TALHA M/S,INAYAT KALAY
3004,JAVED IQBAL M/S,BAJUAR KHAR
3006,ALFATHI M/S,BAJUAR KHAR
3007,GHULAM M/S,BAJUAR KHAR
3008,YOUNAS M/STOR,BAJUAR KHAR
3009,YOUNAS M/COMPANY,BAJUAR KHAR
3010,DR MUTABAR KHAN ARANG,C/O HAYAT MS KHAR
3011,YOUSAF M/S,BAJUAR KHAR
3012,MAJID NAWAZ M/S,BAJUAR KHAR
3013,MADEENA M/S,BAJUAR KHAR
3014,WAQAS M/S,INAYAT KALAY
3015,DR KHAN BADSHAH,BAJUAR KHAR
3016,SALAR ZAI M/S C/O(DR SABZALI),BAJUAR KHAR
3017,HAYAT M/S,BAJUAR KHAR
3018,DR KHYSTA RAHMAN,BAJUAR MULAKALY
3019,MEHRAN M/S,PHATAC
3020,DR ATTAULLAH,PHATAC.
3021,YOUNAS M/COMPANY.,PHATAC.
3022,AMIN M/COMPNI,KHAR HOSPITOL
3023,CHARMANG M/S,BAJUAR KHAR
3024,MISBAH M/S,(PHATAC)
3025,KAMIL MEDICOSE,PHATAC
3026,DR ABDUL HAQ,PHATAC
3027,HEALTH PHARMACY,BAJUAR HOSPITAL
3028,DR GUL REHMAN,INAYAT KALI
3029,DR MUHAMMAD RAZIQ,NAWAGAI
3030,SHAFIQ M/S,INAYAT KALAY
3031,RAHMATULLAH M/S,INAYAT KALAY
3032,ASLAM M/S,INAYAT KALAY
3033,IQBAL PHARMACY,INAYAT KALAY
3034,SHAMS M/S,INAYAT KALAY
3035,DR MOHAMMAD JAN,INAYAT KALAY
3036,HAMEED M/S,INAYAT KALAY
3037,HANIF M/S,INAYAT KALAY
3038,SHAHID M/S,INAYAT KALAY
3039,ZAHID M/S,INAYAT KALAY
3040,MIAN M/S,INAYAT KALAY
3041,DR AZIZULLAH JAN,NAWAGAI
3042,DR ASSADULLAH,INAYAT KALAY
3043,"DR ALAM KHAN(I,KALAY)",INAYAT KALAY
3044,DR MEER WALI KHAN,NAWAGAI
3045,TAHIR MEDICOSE BAJUAR,NAWAGAI
3046,SHAMS M/S,NAWAGAI
3047,SARHAD M/S,NAWAGAI
3048,AWAMI M/S,NAWAGAI
3049,LAL M/S,NAWAGAI
3050,AJMAL M/S,KHAR BAJUAR
3051,SHAHID M/S,NAWAGAI
3052,KHAKSAR M/S,NAWAGAI
3053,HAMID GULL,KHALL
3054,NAWAB M/S,NAWAGAI
3055,HAJI IHSANULLAH M/S,NAWAGAI
3056,SAFI M/S,NAWAGAI
3057,ALKHIDMAT HOSPITAL,NAWAGAI
3058,HAQANI M/S,NAWAGAI
3059,FAZAL KARIM C/O DR FAZLI MULA,NAWAGAI
3060,DR IZZAT KHAN(NAWAGAI),NAWAGAI
3061,FEROZ M/S,NAWAGAI
3062,AWAMI M/S (LOI SIM),LOISIM
3063,DR FAZLI MABOOD,LOISIM
3064,DR FAZLI REHMAN,LOISIM
3065,FAZLI KHALIQ,NAWAGAI
3067,SAHIR M/S(NAWAGAI),NAWAGAI
3069,UMER ZAHIR M/S(N HOSPITAL),NAWAGAI.
3070,SALAH UDIN SALSMAN,BAJUAR
3071,NIZAM C/O DR HAZRAT ALIM(KHAR),BAJUAR KHAR
3072,ASAF M/S,BAJUAR
3073,BMC MEDICAL CENTER,BAJUAR HOSPITAL
3074,MUHMAND M/S(NAWAGAI),BAJUAR
3075,KHALIL M/S(PHATAC),BAJUAR
3076,ALMAKAH M/S(KHAR),BAJUAR KHAR
3077,DR DAWOOD(NAWAGAI),BAJUAR
3078,SHOAIB M/S(NAWAGAI),BAJUAR
3079,FAWAD M/S(PHATIC),BAJUAR
3080,FAZAL PHARMACY,BAJUAR
3081,ABDULLAH M/S,BAJUAR
3082,NAEEM JAN M/S(NAWAGAI),BAJUAR
3083,RAHIM M/S(INAYAT KALAY),BAJUAR INAYAT KALAY
3084,SOHAIL M/S(INAYAT KALAY),INAYAT KALAY
3085,AL SEHAT M/S(BAJAUR KHAR),BAJUAR KHAR
3086,HAYAT M/S (NAWAGAI),NAWAGAI
3087,MASEEHULLAH M/S(BAJUAR KHAR),BAJUAR KHAR
3088,DR AYOUB(NAWAGAI),NAWAGAI
3089,"MASTER M/S(I,KALAY)",INAYAT KALAY
3090,ALI M/S PHATAC,BAJAUAR
3091,DR SAMI ULLAH JAN (HOSPITAL),BAJAUAR (HOSPITAL)
3092,IRFAN M/S(PHATACK),BAJUAR PHATACK
3093,SABIR M/S (KHAR),BAJUAR KHAR
3094,ZIA M/S,INAYATKALLY
3095,MAHIR M/S(KHAR),BAJUAR KHAR
3096,JEHANGIR M/S(NAWAGAI),NAWAGAI
3097,DR SHAFI UR RAHMAN (HOSPITAL),BAJAUAR
3098,NEW FEROOZ M/S(NAWAGAI),NAWAGAI
3099,INAYAT M/COMPANY,BAJUAR KHAR
3100,DR DARWISH SB,BAJUAR
3101,AZIZ ULLAH JAN M/S,NAWAGAI
3102,"INAYAT M/S(I,KALAY)",INAYAT KALAY
3103,DR AZIZ (INAYAT KALAY),INAYAT KALAY
3104,NEW INAYAT M/S,INAYAT KALAY
3105,NEW IQBAL(KHAR),BAJUAR KHAR
3106,SABAON MEDICOSE,BAJUAR HOSPITAL
3107,ITIHAD M/S(INAYAT KALAY),INAYAT KALAY
3108,NEW ASLAM M/COMPLEX,INAYAT KALAY
3109,"KAMRAN M/S(I,KALAY)",INAYAT KALAY
3110,MAMUND M/S (INAYAT KALAY),BAJUAR INAYAT KALAY
3111,ALSAIF M/S (NAWAGAI),NAWAGAI
3112,ABU ALI C/O ANWAR (BAJUAR KHAR,BAJUAR KHAR
3113,"INSAF M/S (I,KALAY)",BAJAUR
3114,"MADINA M/S(I,KALAY)","I,KALAY"
3115,MUBARAK M/S(NAWAGAI),NAWAGAI
3116,SAEED M/S(INAYAT KALAY),INAYAT KALAY
3118,GOHAR M/S(PHATAK),PHATAK
3119,SHAKIR M/S C/O DR SHER ZAMAN,INAYAT KALAY
3120,PAPULAR M/S(KHAR) BAJAWAR,BAJUAR KHAR
3121,GULL M/S (BAJAUR),BAJUAR HOSPITAL
3122,ANWAR M/S(KHAR),BAJUAR KHAR
3123,NEW CARMANG M/HALL(PHATAK),PHATAK
3124,DR MUHAMMAD ZAHID(NAWAGAI),NAWAGAI
3125,"DR SHAH NAZAR M/S (I,KALAY)",INAYAT KALAY
3126,SHAFIULLAH M/S INAYAT KALY,INAYAT KALAY
3127,IMRAN M/STORE,INAYAT KALAY
3128,MISBAH M/S (NAWAGAI),NAWAGAI
3129,"DR MUHAMMAD ANWAR(I,KALAY)",INAYAT KALAY
3130,MUHAMMAD GUL M/S(NAWAGAI),NAWAGAI
3131,HAFIZ M/S(NAWAGAI),NAWAGAI
3132,LAL BADSHAH M/STORE(LOI SIM),LOI SIM
3133,SHAN CLINICAL LAB(INAYAT KALAY,INAYAT KALAY
3134,MALAK HEALTH CENTER(KHAR),BAJUAR KHAR
3135,BAJUAR M/HOME(BAJUAR KHAR),BAJUAR KHAR
3136,MURTAZA M/S(CHARMANG),TANGI
3137,AL KAWSAR,PASHAT
3138,WAHAB MEDICOSE(KHAR),BAJUAR KHAR
3139,SKIN CARE C/O DR SHAFQAT,INAYAT KALAY
3140,SERAJ M/S(PHATAK),PHATAK
3141,HILAL MEDICOSE,INAYAT KALAY
3142,AMIR ZAMAN KHAN(INAYAT KALAY),INAYAT KALAY
3143,HAMEED ULLAH,M/S NAWAGAI
3144,AWIAS MEDECOSE HOSPATAL,HOSPATAL
3145,NEW SHAFIQ M/S(INAYAT KALAY),INAYAT KALAY
3146,HAJI MIR WALI KHAN(LOI SIM),LOI SIM
3147,ISMAIL GENERAL STORE(INAYAT KA,INAYAT KALAY
3148,SERAJ M/S(TANGI),TANGI
3149,MURTAZA M/S(TANGI),TANGI
3150,AFNAAN M/S,NAWAGAI
3151,SHEHZAD M/STORE(INAYAT KALAY),INAYAT KALAY
3152,AMJAD M/S(INAYAT KALAY),INAYAT KALAY
3153,AL NOOR MEDICINE COMPANY,INAYAT KELLY
3154,MAAZ MEDICOSE TANGI,TANGI
3155,MAJEED BABU MEDICOSE,INAYAT KALAY
3156,HAJI IQBAL,INAYAT KALAY
3160,DR FAZAL WAHAB SB,BAJAUR-B
3161,SOHAIL M/S,TIMARGARA-B
3162,ITEMAD PHARMACY,TIMARGARA-B
3163,LADY DR NAJMA JEHANGIR,TIMARGARA-B
4001,SADAT MEDICOSE PASHAT,PASHAT
4002,QAZAFI M/S,BAJUAR KHAR
4003,SHARIF M/S,BAJUAR KHAR
4004,DR REHMANI GUL,RAGHAGAN
4005,MUHAMMAD ISHAQ M/S,BAJAWAR HOPITAL
4006,DR HAZRAT YOUNAS,RAGHAGAN
4008,DR BAWAR KHAN,HAJI LAWANG
4009,MEHMOOD M/S,PASHAT
4010,ASGHAR M/S,PASHAT
4011,WELFARE MEDICOSE RAGHAGAN,RAGHAGAN
4012,NEW NISAR M/S,BAJAUR HOSPITAL
4013,INSAF M/S,PASHAT
4014,ALSHIFA HEALTH CLINIC,INAYAT KALAY
4015,HAJI MUNIR M/S,PASHAT
4016,MAKKA M/S,BAJUR HOPTAL
4018,ZEESHAN M/S,BAJAUR HOSPITAL
4019,TAWHEED M/S,BAJAUR HOSPITAL
4020,ZUBAIR ENTERPRISES,BAJAUR HOSPITAL
4021,SADAT M/S,BAJAUR HOSPITAL
4022,BACHA M/S,BAJAUR HOSPITAL
4023,IQBAL M/S,BAJAUR HOSPITAL
4024,ALMANSOOR M/S,BAJAUR HOSPITAL
4025,LOI SIM M/S,BAJAUR HOSPITAL
4026,ZEB M/S,BAJAUR HOSPITAL
4027,NAVEED M/S,BAJAUR HOSPITAL
4028,DIN M/S,BAJAUR HOSPITAL
4029,TRIBAL M/S,BAJAUR HOSPITAL
4030,AJMAL M/S,BAJAUR HOSPITAL
4031,CHARMANG M/S,BAJAUR PHATAK
4032,NEW SALARZAI M/S,BAJAUR HOSPITAL
4033,SARHAD M/S,BAJAUR HOSPITAL
4034,MAMUND MEDICOSE,BAJUAR HOSPITAL
4035,ZAMAN MEDICOSE,BAJUAR HOSPITAL
4036,MANAN M/S,PASHAT
4037,AYAZ M/S,BAJAUR HOSPITAL
4038,CHEEF M/S,BAJAUR HOSPITAL
4039,HASSAN M/S,BAJAUR HOSPITAL
4040,BILAL M/S,BAJAUR HOSPITAL
4041,SHER ZAMIN M/S,BAJAUR HOSPITAL
4042,NEW AMIN M/S,BAJAUR HOSPITAL
4043,SAHIB M/S,BAJAUR HOSPITAL
4044,FARHAN M/S,BAJAUR HOSPITAL
4045,HANIF M/S,BAJAUR HOSPITAL
4046,SHAIKH M/S,BAJAUR HOSPITAL
4047,AL KHIDMAT M/S,PASHAT KHAR
4048,"ABID M/S(B,HOSPITAL)",BAJUAR.
4049,DR AZIZ UL HASSAN M/S,BAJUAR
4050,DR TAHIR,BAJAUR HOSPITAL
4051,DR KHALIL ULLAH,BAJAUR HOSPITAL
4052,BURHAN M/S,BAJAUR HOSPITAL
4053,IRFAN M/S,BAJAUR HOSPITAL
4054,RAHIMULLAH M/S,BAJAUR HOSPITAL
4055,GUL HAMID JAN.,NEW HOSPITAL BAJUAR.
4056,YOUSAF(BAJUAR HOSPITAL),BAJUAR HOSPITAL
4057,SHAKIR,PATAK
4058,DR SUBHANIGUL(RAGHAGAN),RAGHAGAN
4060,DR SAJAD AHMED(RAGHGAN),RAGHAGAN
4061,"ANWER M/S(B,HOSPITAL)",BAJUAR.
4062,FAZAL M/S HOSPITAL,BAJUAR.
4063,AHMAD SHAH M/S(PASHAT),PASHAT
4064,MIAN M/S(HOSPITAL),BAJUAR
4065,AMJAD M/S(B.HOSPITAL),BAJUAR HOSPITAL
4066,HAYAT M/S(HOSPITAL),BAJUAR
4067,AL-KAWSAR M/S(PASHAT),PASHAT
4068,INSAF M/S(BAJUAR HOSPITAL),BAJUAR
4069,CENTRAL HOSPITAL,BAJUAR HOSPITAL
4070,SHAH M/S(HOSPITAL),BAJUAR HOSPITAL
4071,NIAMAT M/S(HOSPITAL),BAJUAR
4072,SAJID M/S,INAYATKALY
4073,NEW SHER ZAMIN M/S(BAJAUR HOS),BAJAUR HOSPITAL
4074,PHARMACY HELTH CENTER(PASHAT),BAJAUR
4075,DR BASHIR AHMAD(PASHAT),PASHAT
4076,HEFZAAN M/S,NAWAGAI
4077,DR MUHAMMAD HUSAIN(PASHAT),PASHAT BAJAUR
4078,NISAR M/S(HOSP),HOSPITAL BAJAUR
4079,GOHAR M/S(PASHAT),BAJAUR(PASHAT)
4080,NEW IQBAL(BAJUAR HOSPITAL),BAJUAR HOSPITAL
4081,DR ZIA UR REHMAN(HOPITAL),BAJUAR HOSPITAL
4082,PAPOLAR ENTERPRISES(HOSPITAL),BAJUAR HOSPITAL
4083,MUJAHID M/S BAJAUAR,BAJAUAR HOSPITAL
4085,RUHOOL AMIN M/S(PASHAT),PASHAT
4086,DR INAYAT UR REHMAN(PASHAT),PASHAT
4087,KHALIL M/S (HOSPITAL),BAJAUAR
4088,BAJAUAR M/S (BJ HOSPITAL),BAJAUAR
4089,"HAYAAN M/S(B,HOSPITAL)",BAJUAR HOSPITAL
4090,DR AZIZ UL HASSAN,BAJAUAR (RAGHAGAN)
4091,RAHEEL,BAJUAR HOSPITAL
4092,RAFI PUSHAT,BAJUAR
4093,HANAN M/COMPANY(HOSPITAL),BAJUAR HOSPITAL
4094,IHSAN M/S,PATAK
4095,FARMAN M/S(PASHAT),PASHAT
4096,"STAR M/S(B,HOSPITAL)",BAJUAR HOSPITAL
4097,"HAMAD ENTARPRISES(B,HOSPITAL)",BAJUAR HOSPIATAL
4098,DR KHURSHED (RAGHAGAN),RASHAGAN
4099,JAWAD M/S(HOSPITAL),BAJUAR HOSPITAL
4100,DR WAHAB SAID(QAZAFI),BAJUAR KHAR
4101,BASHIR M/S(HOSPITAL),BAJUAR HOSPITAL
4102,KHAN M/S(HOSPITAL),BAJUAR HOSPITAL
4103,NEW INSAF KHAR,BAJUAR
4104,NEW MADINA M/S(BAJUAR HOSPITAL,BAJUAR HOSPITAL
4105,FAKHR-E-ALAM M/S(BAJUAR),BAJUR HOSPTAL
4106,GUL ZAMAN M/S (BAJUAR),HOSPITAL
4107,BILAL M/S(PASHAT),PASHAT
4108,SHAH ENTERPRISES(HOSPITAL),BAJUAR HOSPITAL
4109,NEW AMIN M/S(PASHAT),PASHAT
4110,AHMAD MEDICAL STOR,BAJAUR
4111,NAVEED EXRAY(HOSPITAL),BAJAUR
4112,NEW TRIBAL(RAGHAGAN),RAGHAGAN
4113,NEW NAVEED M/S(HOSPITAL),HOSPITAL
4114,DR SIRAJ,TANGI
4115,"PAKISTAN M/S(B,HOSPITAL)","B,HOSPITAL"
4116,DR SANA,PASHAT
4117,ZIA M/S HOSPITAL,BAJUAR
4118,SHAN M/S (BAJUAR HOSPITAL),BAJUAR
4119,BAKHT M/S,HOSPITAL
4120,SALEEM M/S(BAJUAR HOSPITAL),BAJUAR HOSPITAL
4121,MUHAMMAD IQBAL M/S(BAJUAR HOS),BAJUAR HOSPITAL
4122,NOWSHERWAN M/S(BAJUAR HOS),BAJUR HOSPITL
4123,IHSAN M/S(PASHAT),PASHAT
4124,"ABRAR ENTERPRISES(B,HOSPITAL)",BAJAUR HOSPITAL
4125,RAFI M/HOME(PASHAT),PASHAT
4126,MISBAH M/S(BAJUAR HOSPITAL),HOSPITAL
4127,FAHEEM M/S(BAJUAR HOSPITAL),BAJUAR HOSPITAL
4128,NEW HANAN M/S(BAJUAR HOSPITAL),BAJUAR HOSPITAL
4129,ARIF M/S(BAJUAR HOSPITAL),BAJUAR HOSPITAL
4130,TAJ WALI ENTERPRISES(B.HOSPITA,BAJUAR HOSPITAL
4131,HILAL M/S(BAJUAR HOSPITAL),BAJUAR HOSPITAL
4132,ITIFAQ M/S(BAJUAR HOSPITAL),BAJUAR HOSPITAL
4133,SALAAR M/S(BAJUAR HOSPITAL),BAJUAR HOSPITAL
4134,SHEHZAD M/S(PASHAT),PASHAT
4135,ZAHID M/S(BAJUAR HOSPITAL),BAJUAR HOSPITAL
4136,JIBRAN PHARMACY(BAJUAR HOSPITA,BAJUAR HOSPITAL
4137,NEW INSAF MEDICOSE KHAR,KHAR NEAR CHARMANG MEDICOSE
4138,SAJJAD ENTERPRISES,KHAR BAJUAR
4139,SAIFULLAH M/S(BAJUAR HOSPITAL),BAJUAR HOSPITAL
4140,IRFAN M/S(PASHAT),PASHAT
4141,ADNAN M/S(BAJUAR HOSPITAL),BAJUAR HOSPITAL
4142,SUDAIS M/S(BAJUAR HOSPITAL),BAJUAR HOSPITAL
4143,TAWHEED MEDICOSE(PASHAT),PASHAT
4144,HAYAT KHAN M/S (PASHAT),PASHAT
4145,KHAN BAHADAR M/HOME(PASHAT),PASHAT
4146,GULISTAN MEDICOSE(PASHAT),PASHAT
4147,MUSTAFA M/STORE(PASHAT),PASHAT
4148,YOUNAS M/COMPANY(PASHAT),PASHAT
4149,C/O GULISTAN M/S(PASHAT),PASHAT
4150,DR FAZLI WAHID(PASHAT),PASHAT
4151,MUHAMMAD HUSAIN M/S,PASHAT
4152,MUBASHIR MEDICOSE,BAJUAR HOSPITAL
4153,DR NAZIR JAN,DERA KAI RAGHAGAN
4154,NOOR E ISLAM MEDICOSE,BAJUAR HOSPITAL
4155,WAQAS M/S BAJUAR HOSPITAL,BAJUAR HOSPITAL
4156,GUL M/COMPANY,PASHAT
4157,GUL HABIB M/S INAYATKALY,INAYATKALY
4158,IMRAN MEDICOSE,BAJUAR HOSPITAL
4159,SIRAJ MEDICOSE (HOSPITAL),BAJAUR
4160,LOY SAM MEDICOSE (LOY SAM),NAWAGAI
4161,ASAD M/S KHAR,KHAR
4162,DR FAZL KHALIQ SB,KHAR-(MOLAKALY)
5001,NASEEM M/S,MUNDA BAZAR
5002,AMAN M/S,MUNDA BAZAR
5003,AHMAD M/S,MUNDA BAZAR
5004,HAMID M/S,MUNDA BAZAR
5005,SEENA M/S MUNDA,MUNDA BAZAR
5006,FAIZ M/S,MUNDA BAZAR
5007,AHBAB M/S,MUNDA BAZAR
5008,WAQAS M/S,MUNDA BAZAR
5009,HASHAM M/S,MUNDA BAZAR
5010,MEHRAN M/S,MUNDA BAZAR
5011,"ALSHIFA M/S C/O DR,MAHBOOB.",MUNDA HOSPITAL
5012,IKRAM M/S,MUNDA HOSPITAL
5013,JAVID M/S,MUNDA HOSPITAL
5014,SAEED M/S,MUNDA HOSPITAL
5015,HAYAT &IBRAHIM M/S,MUNDA HOSPITAL
5016,GULISTAN M/S,MUNDA HOSPITAL
5017,GHANI M/S,MUNDA HOSPITAL
5018,ADIL MEDICOSE MUNDA,MUNDA HOSPITAL
5019,DR RAHIM BADSHA,TOR CAMP
5020,INSAF M/S,SAMARBAGH BAZAR
5021,AL HABIB MEDICAL COMPLEX,MAYAR
5022,DR IKRAN ULLAH,MUNDA
5023,JEHAN ZEB M/S,MAYAR
5024,COMBINED M/S,MUNDA MAYAR
5025,SADIQ PHARMACY,MAYER
5026,KHAN M/HOME,MAYAR
5027,MAYAR M/S,MAYAR
5028,DR AZIZ-U-RREHMAN,MAYAR
5029,WAHAB M/S,SAMAR BGH
5030,DR TARIQ GAMBIR,MAYAR
5031,JOHER M/S,MAYAR
5032,ZIA M/S,SAMARBAGH BAZAR
5033,QAZI M/S,SAMARBAGH BAZAR
5034,RAHEEM M/S,MUNDA HOSPITAL
5035,MURAD M/S,SAMARBAGH BAZAR
5036,SALEEM HEALTH CLINIC,SAMERBAGH HOSPITAL
5037,ALSHIFA M/S,MAYAR
5038,ALSHIFA M/S,SAMERBAGH BAZAR
5039,AKHUNZADA M/S,SAMERBAGH BAZAR
5040,JANDOL M/S,SAMERBAGH BAZAR
5041,DR FAZLI RABI,SAMERBAGH BAZAR PH:850044
5042,DR FEROZ M/S,SAMERBAGH BAZAR.
5043,AL HAQ M/S,SAMERBAGH HOSPITAL
5044,ROMAN M/S,SAMERBAGH HOSPITAL
5045,SALMAN M/S,SAMERBAGH HOSPITAL
5046,ANWAR M/S,SAMERBAGH HOSPITAL
5047,RAHMAN M/S KAMBAT,KAMBAT
5048,DURANI M/S,SAMERBAGH HOSPITAL
5049,DR TAHIR MAYAR,MAYAR
5050,NOWSHER M/S,SAMERBAGH HOSPITAL
5051,AMANULLAH M/S,SAMERBAGH HOSPITAL
5052,DR SHERINGUL COMBAT,COMBAT PH:850076
5053,TAHIR M/HOME,mayar
5054,MUHEEB M/S,COMBAT PH:850052
5055,SAMERBAGH M/COMPLIX,SMAERBAGH HOSPITAL
5056,IMTAIAZ M/S,SAMERBAGH HOSPITAL
5057,KALEEM M/S SAMERBAGH,SAMERBAGH BAZAR
5058,ABID MAYAR,MAYAR
5059,ALI SAID M/S MUNDA,MUNDA HOSPITAL
5060,SADAT HEALTH CENTER,SAMERBAGH HOSPITAL
5061,NOOR M/S MUNDA,MUNDA
5062,MOMIN M/S,MAYAR.
5064,IQBAL M/S(SAMERBAGH),SAMERBAGH.
5065,ISMAIL DENTAL,KAMBAT
5066,OSAMA M/S,MUNDA
5067,MAYAR M/S(SAMERBAGH),SAMER BAGH.
5068,IHSANUL HAQ M/S,MUNDA
5069,DR UMAR REHMAN,COMBAT
5070,ZEB M/S(SAMAR BAGH),SAMAR BAGH
5071,AL HAQ M/S(COMBAT),COMBAT.
5072,ABDUL WAHID M/S(MUNDA),MUNDA HOSPITAL.
5073,MALAK SAAD M/S,MAYAR
5074,ZIA-U-REHMAN M/CENTER(COMBAT),COMBAT
5075,DR ATTA-U-REHMAN(MAYAR),MAYAR
5076,SUDAIS MEDICAL CENTER,KAMBAT
5077,NASAR M/S(MUNDA),MUNDA
5078,REHMAN M/STORE(COMBOT),COMBAT
5079,NEW ANWAR M/S,SAMARBAGH
5080,SHAFI M/S(MUNDA),MUNDA
5081,NAWAB M/S(MUNDA),MUNDA
5082,ITTEHAD M/S,KAMBAT
5083,KHAIR UN NAS M/S,MAYAR
5084,NAZAR M/S MUNDA,MUNDA
5085,M- SUDAIS M/S(MUNDA),MUNDA
5086,SHAH MEDICAL HALL,SAMERBAGH
5087,"NASEER UD DIN M/S S,GAGH",SAMAR BAGH
5088,SOHAIL M/S(MUNDA),MUNDA
5089,SHER AKBER M/S(MUNDA),MUNDA HOSPITAL
5090,GENRAL HOPITAL(MUNDA),MUNDA
5091,SHUNTALA M/S,SAMARBAGH HOSP
5092,JANDOL M/COMPLEX (MUNDA),MUNDA
5093,MUBARAK M/S(SAMERBAGH),SAMERBAGH
5094,RAHEEM BADSHAH MUNDA,MUNDA MUNDA HOSPITAL
5099,MAIDAN M/S SAMERBAGH,SAMERBAGH HOSPITAL
5100,NEW INAM M/S(MUNDA),MUNDA
5101,MAAZ M/S (SAMERBAGH),SAMERBAGH
5102,FARMAN M/S (SAMERBAGH),SAMERBAGH
5103,ELHAM M/CENTER(S.BAGH),S.BAGH
5104,JAMEEL PHARMACY,MUNDA
5105,YOUSAF M/S (TOR CAMP),TOR CAMP
5106,MADINA M/S(SAMERBAGH),SAMERBAGH
5107,IDREES M/S(MAYAR),MAYAR
5108,SEENA M/S S.BAGH,SAMARBAGH
5109,REHMAN MEDICALE STORE,MALTO BAGH
5110,SHAH ZEB M/S (MUNDA),MUNDA
5111,ADNAN,M/S S BAGH SAMARBAGH
5112,NEW ALSHIFA WHOLE SALE(SAMERBA,SAMERBAGH
5113,PAK AFGHAN G/S(MUNDA),MUNDA
5114,UBAID M/S,MUNDA
5115,SANA M/COMPANY(MAYAR),MAYAR
5116,FRIENDS M/S MUNDA,MUNDA
5117,REHAN M/HOME C/O WAQAS M/S,MUNDA
5118,ALKIDMAT M/S(SAMERBAGH HOSPITA,SAMERBAGH
5119,HAMDARAD PHARMACY(COMBAT),COMBAT
5120,MR IFTIKHAR(KHUNGI),MUNDA
5121,NISAR M/STORE(SMAERBAGH),SAMERBAGH
5122,AL SADAT M/STORE(SAMERBAGH),SAMERBAGH
5123,SALEEM M/S SAMERBAGH,SAMERBAGH
5124,CARE PHARMACY,SAMARBAGH
5125,AMIR M/STORE(S.BAGH),S.BAGH
5126,DANYAL M/S MUNDA,MUNDA
5127,YASEEN M/S (SAMERBAGH),03009397162
5128,ZAIB M/S (MUNDA),MUNDA
5129,WAHID MEDICAL COMPLEX,MUNDA
5130,NEW QAZI M/S HOSPITAL(SAMERBAG,SAMERBAGH
5131,SHEHZAD M/S(COMBOT),COMBOT
5132,ZAIB,M/S (MAYAR) MAYAR
5133,AL HAQ M/S MAYAR,MAYAR
5134,TAYAB M/STORE(MAYAR),MAYAR
5135,HAMZA M/STORE(MAYAR),MAYAR
5136,TAJ MUHAMMAD M/S(MAYAR),MAYAR
5137,AFNAN M/S(MUNDA),MUNDA
5138,IRFAN M/S(MAYAR),MAYAR
5139,KHYBER M/S MALTO BAGH,TOOR CAMP
5140,HEALTH PHARMACY C/O DR NAZIR S,SAMERBAGH
5141,DR ROZAMIN SB,MAYAR
5142,WAHID & RASHID GENRAL STORE(MU,MUNDA
5143,MAYAR MEDICINSE POINT(MAYAR),MAYAR
5144,BASHIR WAHAB M/S(COMBAT),COMBAT
5145,BILAL M/S,COMBAT
5146,MEDICINE POINT MAYAR C/O YUSAF,MAYAR
5147,AL-HAQ M/S(MAYAR),MAYAR
5148,ALKHAIR M/STORE,HOSPITAL SAMERBAGH
5149,IBAD MEDICOSE,MAYAR
5150,COMBAT PHARMACY,COMBAT
5151,KHYBER MEDICOSE (S BAGH),SAMERBAGH
5152,QAMBARI M/S,MUNDA
5153,LADY DR SIMA JEHANZAIB,MUNDA
5154,DR ZIA UR RAHMAN,MAYAR
6001,HAQ M/S(DIR HOSPITAL),DIR PH#0944 886332
6002,IHSAN M/S(DIR HOSPITAL),DIR HOSPITIL PH:880029
6003,AMJAD MEDICOSE PH#880819,DIR HOSPITAL.
6004,REHMAN PHARMACY(DIR),DIR
6005,TARIQ MEDICOSE DIR,DIR HOSPITAL
6006,JALIL M/S(DIR),DIR HOSPITAL
6007,QAZI M/S(DIR)PH#881923,DIR HOSPITAL
6008,SHALIMAR M/S(DIR),DIR HOSPITAL PH#890005
6009,NEW DIN MEDICOSE DIR,DIR HOSPITAL
6010,JAVID MEDICOSE DIR,DIR HOSPITAL
6011,AMAN M/S(DIR)PH#881153,DIR HOSPITAL
6012,RAKAN PHARMACY,TIMARGARA AZHAR PLAZA
6013,NEW SHAHAB M/S(DIR),DIR HOSPITAL
6014,SHAH(D)M/S.,DIR HOSPITAL
6015,DIR DRUG HOUSE DIR,DIR HOSPITAL
6016,MEFTAH M'S(DARORA),DARORA
6017,ARSHAD M/S(DIR HOSPITAL),DIR HOSPITAL
6019,SWAT MEDICAL CENTER(SHERINGAL),SHERINGAL
6020,SADDIQI MEDICOSE DIR,DIR HOSPITAL
6021,SWATI MEDICOSE DIR,DIR HOSPITAL
6022,REHMAN MEDICOSE DIR,DIR HOSPITAL
6023,WAQAR MEDICOSE DIR,DIR HOSPITAL
6024,ANWAR M/CORNER(DIR),DIR HOSPITAL PH#0944-881410
6025,IRSHAD MEDICOSE DIR,DIR BAZAR
6026,SOHAIL MEDICOSE DIR,DIR BAZAR
6027,AL MANSOOR SADBAR KALLY,SADBAR KALLY
6028,MALAK MEDICOSE DIR,SHARQI ROAD DIR
6029,BILAL MEDICOSE DIR,SHARQI ROAD DIR
6030,SAIF M/S (DIR),DIR BAZAR
6031,SAHIB ZADA M/S DIR,SHARQI ROAD DIR
6032,AZIZ MEDICOSE DIR,SHARQI ROAD DIR
6033,MERAJ M/S(DIR),SHARQI ROAD DIR
6034,DIR MEDICOSE DIR,JEL ROAD DIR
6035,SHAFIQ MEDICOSE DIR,JEL ROAD DIR
6036,HAROON M/S(SAHIB ABAD),SAHIB ABAD
6037,RAHIM MEDICOSE DIR,JEL ROAD DIR
6038,NASAR MEDICOSE DIR,JEL ROAD DIR
6039,NEW DIR M/S(DIR),JEL ROAD DIR
6040,LATIF MEDICOSE SAHIB ABAD,JEL ROAD DIR
6041,NAYAB MEDICOSE DIR,JEL ROAD DIR
6042,NEW SHAFIQ M/S DIR,DIR PH#03348436834
6043,SALEEM M/S(DIR),DIR JEL PH:880334
6044,TAHIR M/S C/O DR MOHIB(DIR),CHUKYATAN PH#0934 881538
6045,SHOAIB MEDICSE DIR,LADY HOS DIR
6046,YASEEN,MEDICOSE DIR DIR
6047,LIAQAT MEDICOSE DIR,LADY HOS DIR
6049,HAMDARD M/S(DIR),DIR
6050,MALAK MEDICOSE BEBYAWAR,BEBYAWAR
6051,MAZHAR M/CENTER(DARORA),DARORA
6052,IFTIKHAR M/S(DIR),DIR
6053,ROGHANI M/S(DIR),DIR
6054,MADINA M/S(BEBYAWAR),BEBYAWAR
6055,YASAR M/S(BEBYAWAR),BEBYAWAR
6056,ALSHIFA M/S(BEBYAWAR),BEBYAWAR
6057,YOUNAS M/S(SAHIB ABAD),SAHIB ABAD
6058,"M,ZAI M/S(BEBYAWER)",BEBYAWAR
6059,MADINA M/UNIT(BBR),BBR
6060,FARMAN M/S(BEBYAWAR),BEBYAWAR
6061,NEW SHIFAC/O DR HIDAYAT UR REH,DIR PH:0934 880914
6062,KHAN M/S MUNDA,MUNDA HOSPITAL
6063,MUTABAR KHAN ARANG,ARANG
6064,FAKHAR M/S(DIR HOSPITAL),DIR HOSPITAL
6065,REHMAN MEDICOSE,SHERINGAL.
6066,DR GULL ZAMAN,DARORA
6067,NEW MERAJ M/S(DIR),DIR HOSPITAL
6068,INAYAT M/S(DIR) PH#880672,DIR HOSPITAL
6069,NEW QAZI M/S NEAR SAHARA,DIR. HOSPITAL
6070,NEW SHOAIB M/S,DIR BAZAR
6071,WELLCOME M/S(DIR),DIR
6072,LOWARI M/COMPANY(DIR),DIR
6073,SAJJAD M/S C/O DR ATTA HUSSAIN,SHERINGAL.
6074,ZAKIR M/S,KAMBAT
6075,ABDUL HAQ M/S(DIR),DIR PH#0944-881375
6076,ZIA M/S(DIR),DIR
6077,MUJEEB M/S(DIR),DIR BAZAR
6078,ASHFAQ M/S(BEBYAWER),BEBYAWER.
6079,LATIF CLINIC(BEBYAWER),BEBYAWER
6080,ASRA M/HOME(DIR),DIR
6081,HAMID M/S(SHERINGAL),SHERINGAL
6082,SADIQE M/S(SAHIB ABAD),SAHIB ABAD
6083,ISMAIL M/S(SAHIB ABAD),SAHIB ABAD
6084,NAVEED M/S(SHAIB ABAD),SAHIB ABAD
6085,FARMAN M/S SAHIBABAD,SAHIB ABAD
6086,GUL M/S DIR,DIR
6087,KHURSHED M/S(PATRAK),PATRAK
6088,QAZI PHARMACY STORE(DIR),DIR
6089,USHERAI M/S(DIR),DIR
6091,SHEHZAD M/S(DIR),DIR
6092,ITIHAD M/S(DIR),DIR
6093,NEW ALI BROTHERS(DIR),DIR
6094,SHEHZAD M/S(SHERINGAL),SHERINGAL
6095,DR IHSAN (JUGHA BUNJE),JUGHA BUNJE
6096,DR SAIF UL HAQ(PATRAK),PATRAK
6097,HAMZA PHARMACY(BEBYAWAR),BEBYAWAR
6098,KALAM M/S(SHERINGAL),SHERINGAL
6099,JAVID M/S BEBYAWER,BEBYAWER
6100,SHAHID M/S (BEBYAWAR),BEBYAWAR
6101,SADAQAT M/S(DIR),DIR
6102,THE DRUG BANK(HOSPITA),DIR
6103,SAEED M/S(DIR),DIR
6104,INAYAT M/S(CHUKYATAN),DIR
6105,ISLAMIC M/CENTER(DARORA),DARORA
6106,IHSAN M/S,BEBYAWER
6107,FAHAD DRUG HOUSE(BEBYAWER),BEBYAWER
6108,UMER MEDICOSE (BEBYAWAR),BEBYAWAR
6109,S JAN M/S(DIR),DIR
6110,REHMAN HOSPITAL(DR FAZAL SUBHA,SHERINGAL
6112,ZEB METERNITY HOME BEBIAWAR,BEBIAWAR
6113,SHAHEEN M/S (BEBYAWAR),BEBYAWAR
6114,MIAN SUPER STORE(CHUKYATAN),CHUKYATAN
6115,HASSAN DRUG HOUSE(DIR),DIR
6116,SHAH ZEB M/S(DIR),DIR
6117,BABU G M/S(DIR),DIR
6118,ALKHIDMAT DRUG HOUSE(DARORA),DARORA
6119,UMAR ZAMAN M/S MUNDA,MUNDA
6120,SENA M/CENTER(BEBYAWAR),BEBYAWAR
6121,IBN-E-SEENA M/S(DARORA),DARORA
6122,FARIDUL HAQM/S(BEBYAWAR),BEBYAWAR
6123,GOHAR DRUG HOUSE(DIR),DIR
6124,SHAH M/CENTER(BEBYAWAR),BEBYAWAR
6125,AL MADINA M/CENTER(DARORA),DARORA
6126,SHAKIL PHARMACY,KHALL
6127,HAJI M/CLINIC(SAHIB ABAD),SAHID ABAD
6128,AZIZ M/S(DARORA),DARORA
6129,TAJAK M/STORE(DIR),DIR
6130,MADINA M/CENTER(BEBYAWAR),BEBYAWAR
6131,BABU MEDICOSE(BEBYAWAR),BEBYAWAR
6132,INSAF M/S(BEBYAWAR),BEBYAWAR
6133,MAJID M/S(DARORA),DARORA
6134,ALSHIFA M/S(SAHIB ABAD),SAHIB ABAD
6135,NASEEM MEDICOSE(SHERINGAL),SHERINGAL
6136,SHAHID MEDICOSE(DARORA),DARORA
6137,ALI BROTHERS(DIR),DIR
6138,HAMDARD M/HOME(DIR),NEAR DEGREE COLLEGE DIR
6139,DR ALI MUHAMMAD(PATRAK),PATRAK
6140,BURHAN M/S(SHERINGAL),SHERINGAL
6141,USMAN M/CENTER(DIR),DIR
6142,NEW JAVID M/S,TIMERGARA A
6143,JAN HEALTH CARE(SHERINGAL),SHERINGAL
6144,SAID QALANDER SHAH(BEBYAWAR),BEBYAWAR
6146,SANA MEDICAL STORE,DIR
6147,AZHAR MEDICOSE,DIR HOSPITAL
6148,DR HIMAD SB,SAHIB ABAD
6149,LUQMAN MEDICOSE,SHERINGAL
6150,NEW SWAT M/S (sheringal),sheringal
6151,SADEEQE ENTERPRISES(DIR),DIR
6152,MUHARAM GENRAL STORE,SAHIB ABAD
6153,MUKARRAM MEDICOSE,SHERINGAL
6154,SUDAIS M/STORE(DIR BAZAR),DIR BAZAR NEAR HASSAN DRUG HOUSE
6155,BACHA M/S DIR,DIR UPPER
7001,SHEEN GHAR M/S(DARORA),DARORA=PH#870333
7002,SALIH HAYAT M/S(DARORA),"DARORA PH#870323,881027"
7003,SHIFA MEDICOSE DARORA,DARORA
7004,MUBARAK M/S(DARORA),DARORA
7005,NEW MUBARAK M/S(DARORA),DARORA
7006,ISRAR MEDICOSE DARORA,DARORA
7007,JAN MEDICOSE DARORA,DARORA
7008,SHAHAB M/S(DARORA),DARORA PH#0944-870099
7009,ZIA MEDICOSE DARORA,DARORA
7010,GUL M/S WARI,WARI
7011,REHMAN MEDICOSE DARORA,DARORA
7012,ABDUR RAUF M/CENTER (WARI),WARI
7013,ZIA MEDICOSE WARI,WARI
7014,DR SAJAD HUSSAIN,KHALL
7015,DR IKRAM-UL-HAQ(KHAL),KHAL
7016,DR AJMAL MEDICOSE KHAL,KHAL
7017,AZLAN,AKHAGRAM
7018,FRIENDS M/S(KHAL),KHAL
7019,IFTIKHAR MEDICOSE KHAL,KHAL
7020,ISLAMIC MEDICOSE KHAL,KHAL
7021,SADAT MEDICOSE KHAL,KHAL
7022,BILAL M/S=860221KHAL,KHAL.
7023,ALI MUNIR M/S KHAL,KHAL
7024,TAHIR M/S(KHAL),KHAL.PH#862095
7025,ANWAR MEDICOSE KHAL,KHAL
7026,MUHAMMAD KHALIQ M/S KHAL,KHAL
7027,DR USMAN,WARI
7028,MUHAMMAD BROTHERS KHAL,KHAL
7029,TAJ MEDICOSE KHAL,KHAL
7030,SERAT MEDICOSE KHAL,KHAL
7031,AFRASEYAB M/S (AKHAGRAM),AKHAGRAM
7032,TAHIR M/S(AKHAGRAM),AKHAGRAM
7033,PARISTAN M/S(AKHAGRAM),AKHAGRAM
7034,ZEESHAN MEDICOSE.,WARI
7035,DAISE WARI,WARI HOSPITAL
7036,MURAD MEDICOSE WARI,WARI
7037,TAWHEED M/S(WARI),WARI
7038,SHADAB MEDICOSE WARI,WARI
7039,WADOOD MEDICOSE,WARI
7040,NAZ MEDICOSE WARI,WARI
7041,AL BADAR MEDICOSE WARI,WARI(PH#0944-840272)
7042,GOHER MEDICOSE WARI,WARI
7043,ANWAR MEDICOSE WARI,WARI
7044,MUSHTAQ MEDICOSE WARI,WARI(PH#0944-840204)
7045,YASEEN MEDICOSE WARI,WARI
7046,AZIZ MEDICOSE WARI,WARI
7047,SADAM MEDICOSE,KHAL WARI
7048,LIFE PHARMACY,KHAL WARI
7049,TARIQ MEDICOSE WARI,WARI
7050,JAN MEDICOSE WARI,WARI(PH#0944-840002)
7051,SAEED MEDICOSE WARI,WARI
7052,WASEEM MEDICOSE WARI,WARI
7053,ZEB M/S(WARI),WARI
7054,AL-TAJ MEDICOSE WARI,03009000378
7055,NEW ZIA M/S(WARI),WARI
7056,NEW ZAIB,WARI
7057,NAVEED MEDICOSE WARI,WARI
7058,IQBAL MEDICOSE WARI,WARI
7059,NEW IQBAL MEDICOSE WARI,WARI
7060,FARHAN MEDICOSE WARI,WARI
7061,MAHBOOB UL HAQ,KHALL
7062,TUFAIL M/S WARI,WARI
7063,FARMAN MEDICOSE WARI,WARI
7064,MUKHTAR MEDICOSE RABAT,RABAT
7065,KHALIL M/S(WARI),WARI
7066,AKBAR HUSSAIN,DIR
7067,ABAS M/S(WARI),WARI
7068,ITIHAD M/S(KHAL),KHAL
7069,STAR MEDICOSE WARI,WARI
7070,EMAD M/S,WARI
7071,KALEEM TRADERS(KHAL),KHAL
7072,ZAHID M/S (WARI),WARI.
7073,ROGHANI M/S(WARI),WARI.
7074,JAVID M/S(WARI),WARI.
7075,S.M POINT,KHALL
7076,ALEENA M/S AKHAGRAM,AKHAGRAM KHALL
7077,FARHAD MEDICOSE.,WARI.
7078,IKRAM MEDICOSE(WARI),WARI.
7079,RABAT M/HOME,RABAT.
7080,KHYBER M/S(WARI),WARI
7081,MEHRAN M/S(WARI),WARI.
7082,IHTISHAM M/COMPANY(WARI),WARI
7083,DR ARSHAD RABAT,KALL RABAT
7084,RAEES M/S,WARI
7085,ASSAD MEDICOSE WARI,WARI
7086,FAIMELY HEALTH CENTER,KHAL
7087,SAEED M/S(DAROARA),DARORA
7088,AL KHIDMAT M/CENTER(WARI),WARI
7089,IHSAN M/S(WARI),WARI
7090,ABUBAKAR M/CENTER(KHAL),KHAL
7091,MUJAHID M/S(WARI),WARI
7092,ANEES M/S (KHALL),KHALL
7093,AZHAR M/S(WARI),WARI
7094,DR SHER BADSHAH(AKHAGRAM),AKHAGRAM
7095,ASGHAR MEDICOSE RABAT,RABAT
7096,AL SAUDIA MEDICOSE,TIMERGARA
7097,ALSAID M/S(KHAL),KHAL
7098,ABRAR M/S WARI,WARI
7099,JATAGARAM M/S WARI,WARI
7100,ANAM M/S- KHALL,KHALL
7102,AIMS M/S C/O DR YOUSAF KHAN,TIMERGARA
7103,NAQAB M/S (WARI),WARI
7104,DR HAMID GUL(KHAL),KHAL PH#800595-801052-801283
7105,NEW IKRAM M/S(KHAL),KHAL
7106,MURAD M/S(DARORA),DARORA
7107,FARID M/S DARORA,DARORA
7108,CHAND M/S (WARI),WARI
7109,AMIN CLINIC (WARI),WARI
7110,INSAF M/S(WARI),WARI
7111,INAYAT M/S WARI,WARI
7112,HAQ M/S KHALL,KHALL
7113,NEW FALAK SAIR(KHAL),KHAL
7114,ADNAN M/S (WARI),WARI
7115,BILAL M/S NEAR EXCHANGE WARI,WARI
7116,ASMAT MEDICOSE,TIMERGARA B
7117,SCAN HOME,TIMARGARA-B
7118,PANJKORA M/S (KHALL),KHALL
7119,NEW INSAF M/S,WARI
7120,DR SAEEDUREHMAN (SAHIBABAD),SAHIBABAD PH# 884195
7121,ZEEHAB M/S (WARI),WARI
7122,NISAR M/S (WARI),WARI
7123,DR QASIM(JABAR USHERI),JABAR USHERI
7124,SHAH KHALID M/S(JABAR),JABAR
7125,HAQ NAWAZ M/S WARI,(WARI)
7126,ASSAD M/HALL(AKHAGRAM),AKHAGRAM
7127,HABIB M/STORE(WARI),WARI
7128,NEW SADAT M/S,KHALL
7129,KASHIF M/S WARI,WARI
7130,IBRAHIM M/S(WARI),WARI
7131,MADINA MEDICAL STORE,KHAL WARI
7132,AWAIS M/S WARI,WARI
7133,ARSALAN M/STORE (WARI),WARI
7134,SOHRAB MEDICOSE,WARI
7135,MUNEEB M/S(KHAL),KHAL
7136,ALFALAH MEDICAL CENTER,WARI
7137,DR MUHAMMAD REHMAN(WARI),WARI
7138,AL SHAMS DENTEL(AKHAGRAM),AKHAGRAM
7139,MURAD M/S (WARI),WARI
7140,SHIFA HEALTH CARE CENTER,AKHAGRAM
7141,SHEHZAD CHINA STORE(KHAL),KHAL
7142,SHEEN GHAR M/S,DARORA
7143,ZAIN M/S(KHAL),KHAL
7144,IHSAN M/S C/O DR ISLAM KHALIQ(,WARI
7145,KHAKSAR M/S(KHAL),KHAL
7147,PEACOCK SUPER STORE(WARI),WARI
7148,ZAMAN M/S(WARI),WARI
7149,DR SAEED (WARI),WARI
7150,KHIAM M/S,KHALL
7151,SAHIL GENRAL STORE(WARI),WARI
7152,HUZAIFA M/S,KHALL
7154,HAMDARD M/S(WARI),WARI
7155,SIAM UD DIN M/S,KHAL
7156,NEW ISMAIL M/S(WARI),WARI
7157,SHAH FAHAD M/S,WARI
7158,AMIN M/S KHAR,KHAR
7159,MEHBOOB UL HAQ,KHALL
7160,MUZAMIL M/S(WARI),WARI
7161,AL SHIFA M/S(WARI),WARI
7162,AFTAB M/STORE(WARI),WARI
7163,KAKAD M/STORE(WARI),WARI
7164,DIN M/S C/O AL-BADAR(WARI),WARI
7165,ALEENA GENERAL HOSPITAL,AKHAGRAM
7166,KHALIQ MEDICOSE(KHAL),KHAL
7167,KARPAAT MEDICOSE(WARI),WARI
7168,DR MUKHTIAR (RABAT),RABAT
7169,NOOR M/S(AKHAGRAM),AKHAGRAM
7170,NEW INAM M/S,WARI
7171,DOCTOR PHARMACY,RABAT KHALL
7172,SANA M/HOME(USHERAI),USHERAI
7173,ALI M/STORE(WARI),WARI
7174,BROOKS MEDICOSE,AKHAGRAM
7175,ASMATULLAH SB NEAR(RHC),KHAL
7180,SHIFA EMERGENCY KHAL,KHAL
7201,DR SIRAJ SB (KHOWAR),TIMARGARA
7202,SAMI ULLAH MEDICOSE,WARI
7203,GULISTAN M/S,AKHAGRAM
8000,RAHIM SPO- SAMPLE,RABAT
8001,AHBAB M/S C/OS.BILAND),LALQALA
8002,HAYAT M/S LALQALA,LALQALA
8003,TAJ M/S LALQALA,LALQALA
8004,WAHID M/S LALQALA,LALQALA MAIDAN
8005,HAQ M/S LALQALA,LALQALA MAIDAN
8006,REHMAN M/S LALQALA,LALQALA MAIDAN
8007,BABAR,M/S LALQALA LALQALA MAIDAN
8008,NEW AHBAB M/S(LALQALA),LALQALA
8009,AL SHEKH M/S LALQALA,LALQALA MAIDAN
8010,ZIA M/S(LALQALA),MAIDAN PH:885205
8011,LATIF M/S LALQALA,LALQALA MAIDAN
8012,KAMAL M/S LALQALA,LALQALA MAIDAN
8013,RIAZ M/S LALQALA,LALQALA MAIDAN
8014,ZEESHAN M/S(LALQALA),LALQALA MAIDAN
8015,AL MADINA M/S LALQALA,LALQALA MAIDAN
8016,ZAHIR HUSSAIN M/S(LALQALA),LALQALA MAIDAN
8017,RIZWAN M/S (LALQILA),LALQALA
8018,AHMAD M/S LALQALA,LALQALA MAIDAN
8019,HAIDER M/S LALQALA,LALQALA MAIDAN
8020,SHAFEE M/S(LALQALA),MAIDAN PH#886364
8021,IQBAL M/S C/O ISRAR.,LALQALA MAIDAN
8022,AMIN M/S LALQALA,LALQALA MAIDAN
8023,IQBAL M/S C/O IQBAL.,LALQALA MAIDAN
8024,BILAL M/STORE(KUMBAR),KUMBAR
8025,AL KHIDMAT M/S (KUMBER),MAIDAN
8026,NAEEM M/HALL(KUMBER),KUMBER
8027,IKHWAN M/S KUMBER,KUMBER MAIDAN
8028,SAEED M/S KUMBER,KUMBER MAIDAN
8029,NEW WAHID M/S KUMBER,KUMBER MAIDAN
8030,TARIQ M/S KUMBER,KUMBER MAIDAN
8031,MANYAL M/S KUMBER,KUMBER MAIDAN
8032,ALSHIFA M/S(KUMBER),KUMBER MAIDAN
8033,NEW HAYAT,KUMBAR
8034,RAHEEM M/S KUMBER,KUMBER MAIDAN
8035,MAIDAN PHARMACY(KUMBER),MAIDAN.
8036,ISMAIL M/S KUMBER,KUMBER MAIDAN
8037,MAIDAN M/S KUMBER,KUMBER MAIDAN
8038,SAJAD M/S KUMBER,KUMBER MAIDAN
8039,JOHER M/S(KUMBER),MAIDAN PH#885552
8040,IQBAL M/SC/O(DR KHISTA REHMAN),KUMBER MAIDAN
8041,JEHANGIR M/COMPANY(LALQALA),LAL QALA MAIDAN
8042,TAMOR M/S,KUMBER
8043,AKHAKHAIL,LALQALA
8044,SEENA C/O DR GHULAM DAWOOD,KUMBAR
8045,HUSSAIN MEDICOSE HAYASERI,MAIDAN
8046,NIAMAT M/S(LALQALA),LALQALA
8047,MADINA M/S KUMBER,KUMBER MAIDAN
8048,ZEESHAN MEDI LALQALA,LALQALA
8049,IKRAM M/S,MARKARY
8050,DR MUSTAFA KOTO,KOTO HAJIABAD
8051,ITRAFY MEDICAL STORE,MAIDAN
8052,AL KHAIR M/S(KUMBER),KUMBER
8053,TAASIR M/S (KUMBAR) MAIDAN,KUMBAR
8054,HUSSAIN M/S C/O ZIA(LALQALA),MAIDAN
8055,ZARAR MEDICOSE LALQALA,LALQALA MAIDAN
8056,BASHIR M/S(LALQALA),MAIDAN
8057,SHIFA M/S(LAL QALA),LALQALA
8058,SIAAB M/S(KUMBAR),KUMBAR
8059,NEW ISMAIL M/S(KUMBAR),KUMBAR
8060,SHAHID M/S(LALQALA),MAIDAN
8061,HIDAYAT M/S(KUMBER),MAIDAN
8062,AL AHAD PHARMACY(LALQALA),LALQALA
8063,FARHAN M/S(LAL QALA),MAIDAN
8064,NEW LIFE M/COMPANY(KUMBER),KUMBER
8065,MUJEEB M/S KUMBER,MAIDAN
8066,MUHEEB M/S (KUMBAR),KUMBAR
8067,TWO STAR MEDICAL STOR,LALQALA
8068,UNIVERSAL M/S(KUMBER),MAIDAN
8069,STAR M/S(KUMBAR),KUMBAR
8070,INSAF M/S(KUMBER),KUMBER
8071,SANA M/S (KUMBAR) MAIDAN,KUMBAR
8072,SADDIQ M/S(KUMBER),AKAKHEL ROAD KUMBER
8073,ITEHAD M/S(LAL QILA),LAL QILA
8074,NEW ITIHAD M/S KUMBER,KUMBER MAIDAN
8075,NEW AHMED M/S(KUMBER),KUMBER
8076,ABDULLAH M/S(KUMBER),KUMBER
8077,ABU SAEED M/S MAIDAN,KUMBAR
8078,AMJAD M/S(LALQALA),LALQALA
8079,HAMZA M/S(KUMBAR),MAIDAN
8080,NEW AMIN M/S,KUMBAR
8081,ATTA MEDICOSE,LALQALA
8082,INAYAT M/S(KUMBER),KUMBER MAIDAN
8083,MEHRAN M/S(LALQALA),LALQALA
8084,LATIF M/S(KUMBER),KUMBER
8085,NEW MUJEEB M/STORE(KUMBAR),KUMBAR
8091,NAJEEB M/S(LALQALA),MAIDAN
8092,IFTIKHAR M/S(LALQALA),MAIDAN
8093,SHOIAB M/S(LALQALA),LALQALA
8096,INSAF M/S(LALQALA),LALQALA
8097,MADINA M/S(LALQALA),LALQALA
8098,HAKIM M/S(KUMBAR),KUMBAR
8099,MATIULLAH MEDICOSE(KUMBAR),KUMBAR
8101,ISLAH M/S (KUMBAR),KUMBAR
8110,KHAN SAID M/COMPANY(LALQALA),MAIDAN
8111,ABU AHMAD M/S,LALQALA
8112,NEW ZAHIR HUSSAIN M/S(LALQALA),LALQALA
8113,MALAK PHARMACY(KUMBER),KUMBER MAIDAN
8114,IMRAN M/S(KUMBER),KUMBER
8115,DR RASHID KOTO(HAJIABAD),HAJI ABAD
8116,ROGHANI M/S(KUMBER),KUMBER
8117,DR SHAh AMIN SB,LAJBOK MAIDAN
8118,STAR MEDICOSE,LALQALA
8119,NEW MAIDAN C/O ALMUSLIM M/S,KUMBAR
8120,STANDARD M/CENTER(KUMBER),KUMBER MAIDAN
8121,IJAZ M/CENTER (KUMBER),KUMBER
8122,HAROON PHARMACY(LALQALA),LALQALA
8123,MOTHER CARE(KOTO),KOTO
8124,DANISH M/S(LALQALA),LALQALA
8125,FAROOQ ENTERPRISES(KUMBAR),KUMBAR
8126,NAVEED M/S KUMBAR,MAIDAN KUMBAR
8127,AL MANSOOR M/S(LALQALA),LALQALA
8128,SHAHEEN M/S(LALQALA),LALQALA
8129,KHUSHAL MEDICOSE(KUMBER),KUMBER
8130,USMAN M/S,KUMBAR
8131,ISLAM M/S(MAIDAN),MAIDAN
8135,DR JAMEEL SB(LAL QALA),LAL QALA
8136,PESHAWAR M/COMPANY,KUMBER
8137,DR INAYATULLAH(LALQALA),LALQALA
8138,QADDAR M/S,LALQALA
8139,TAYYAB JAN KHAZANA,KHAZANA
8140,ASGHAR MEDICAL TEC,MAIDAN
8141,JWANDOON M/CENTER,KUMBAR
8142,SULTANUDIN M/S,KUMBAR MAIDAN
8143,"MR,WAQAR SALESMAN",MAIDAN
8144,JAVED ENTERPRISES,KUMBAR
8145,SAEED UR REHMAN,MAIDAN LALQALA
8146,IQBAL C/O NASEERULLAH,MAIDAN (HAYASERI)
8147,JANDOL MEDICAL CENTER,KUMBER
8148,WASEEM MEDICOSE,LALQALA
8149,DR BAKH ZADA -LALQALA.,LALQALA
8150,DR MOZAMIL SHAH,KUMBAR
8151,KHYBAR M/S,KUMBAR
9001,REHMAN M/S(TALASH),TALASH
9002,IHSAN M/S(SHAMSHI KHAN),SHAMSHI KHAN
9003,AFTAB M/S(SHAMSHI KHAN),SHAMSHI KHAN
9004,AKBAR M/S(SHAMSHI KHAN),SHAMSHI KHAN
9005,ADNAN M/S(SHAMSHIKHAN),SHAMSHI KHAN
9006,SHOAIB M/S(SHAMSHI KHAN),SHAMSHI KHAN
9007,ISLAM M/S(SHAMSHI KHAN),SHAMSHI KHAN
9008,MEHBOB MEDICOSE TALASH,TALASH
9009,SHEHZAD MEDICOSE CHAKDARA,CHAKDARA
9010,YOU CARE PHARMACY,CHAKDARA
9011,AYOB M/S(TALASH),TALASH
9012,TWO STAR M/S,TALASH
9013,LIFE M/S(TALASH),TALASH
9014,SHAFIQ M/S(TALASH),TALASH PH:8710063
9015,DIR ADENZAI,BATKHILA
9016,SHAHAB MEDICOSE,SHAMSHE KHAN HOSPITAL
9017,SOHAIL M/S,BATKHILA
9018,SHAHAB M/S(TALASH),TALASH
9019,GHANI M/S(G ABAD CHOWAK),GULABAD
9020,PARWAIZ,M/S GULABAD GULABAD CHOWAK
9021,AL KHIDMAT M/CENTER(TALASH),TALASH
9022,TARIQ M/S CHAKDARA,CHAKDARA
9023,BABU M/S GULABAD,GUL ABAD PH:763002
9024,SERAJ M/S(GULABAD)PH#762009,GULABAD CHOWAK
9025,NEW HUSSAIN,PHARMACY CHAKDARA
9026,JAMSHAID M/S,GULABAD
9027,VILLAGE M/S(SHAMSI KHAN),SHAMSI KHAN
9028,FAIZAN MEDICOSE CHAKDARA,CHAKDARA
9029,KHWAJA MEDICOSE,CHAKDARA
9030,SAJJAD M/S,GULABAD
9031,SHAWKAT M/S CHAKDARA,CHAKDARA
9032,KHUSHAL M/S(CHAKDARA),CHAKDARA PH:762368
9033,ALNOOR M/S(CHAKDARA),CHAKDARA
9034,NASEEM M/S CHAKDARA,CHAKDARA
9035,GHALIB M/S(CHAKDARA),CHAKDARA
9036,SARTAJ M/S(CHAKDARA),CHAKDARA PH:761168
9037,LUQMAN M/S(CHAKDARA),CHAKDARA
9038,IBRAHIM M/S CHAKDARA,CHAKDARA
9039,QURASHI M/S CHAKDARA,CHAKDARA
9040,FARID M/S(CHAKDARA),CHAKDARA PH:761094
9041,DUAA M/CENTER(CHAKDARA HOSPITA,CHAKDARA
9042,DR MUHAMMAD RASOOL CHAKDARA,CHAKDARA
9043,RAHIM M/S TALAAS HOS,TALASH
9044,FRIENDS M/S CHAKDARA,CHAKDARA
9045,REHMAN M/S CHAKDARA,CHAKDARA
9046,AL SHIFA M/S CHAKDARA,CHAKDARA
9047,DURANI M/S CHAKDARA,CHAKDARA
9048,DR MANZOOR M/S,TALASH
9049,SARDAR M/S(CHAKDARA),CHAKDARA
9050,WE CARE PHARMACY,CHAKDARA
9051,FAYAZ M/CORNER(NASAFA),NASAFA
9052,ZIA M/S(G/HOSPITAL),GUL ABAD
9053,AL BADAR M/S(NASAFA),NASAFA
9054,ISHAQ M/CENTER(GUL ABAD),GUL ABAD
9055,RAAHAT JAN M/S,RAGHAGAN
9056,DR KHISTA REHMAN(TALASH),TALASH
9057,ISRAR M/S(TALASH),TALASH
9058,LADY DR REHANA(CHAKDARA),CHAKDARA
9059,SOHAIL MEDICOSE(SHAMSHI KHAN),SHAMSHI KHAN
9060,HASSAN OPTICAL STOR(TALASH),NEAR SHAHAB PHARMACY
9061,DR AHMAD GUL(NASAFA),NASAFA TALASH.
9062,IRFAN M/S(CHAKDARA),CHAKDARA.
9063,SHAYAN PHARMACY(TALASH),TALASH
9064,HAKIM KIFAYATULLAH(TALASH),TALASH.
9065,DIN M/S CHAKDARA,CHAKDARA
9066,WHITE PHARMACY,CHAKDARA
9067,ITHAD MEDICOSE NASAFA,NASAFA
9068,HUSSAIN MEDICOSE CHAKDARA,CHAKDARA
9069,KHYBER M/S(CHAKDARA),CHAKDARA.
9070,NOMAN MEDICAL STORE,CHAKDARA
9071,PANJKORA M/S(CHAKDARA),CHAKDARA
9073,SHAHID M/S(CHAKDAR),CHAKDARA.
9074,SHAHID M/COMPANY (CHAKDARA),CHAKDARA PH:763388
9075,HAMZA,BATKHILA
9076,NEW GHANI M/S(GUL ABAD),GUL ABAD
9077,MUHSIN M/S(CHAKDARA),CHAKDARA
9078,GUL M/S(GUL ABAD),GUL ABAD
9079,DR BILAL SB,TEKNAI GUL ABAD
9080,KUMRAT M/S TALASH,TALASH
9081,NIAZ M/S,SHAMSHE KHAN
9082,SAFA E MAKKA,TALASH
9083,IQBAL M/S(GUL ABAD),GUL ABAD
9084,DR HAFEEZ UR RAHMAN SB,CHAKDARA
9085,SHAHEEN M/S (CHAKDARA),CHAKDARA
9086,IKHWAN M/S (CHAKDARA),CHAKDARA
9087,BADSHAH PHARMACY(CHAKDARA),CHAKDARA HOSPITAL
9088,AL JAMIL M/S TALASH,TALASH
9089,ZAIB M/S,CHAKDARA
9090,IJAZ M/S (SHAMSHI KHAN),SHAMSHI KHAN
9091,PAPOLER M/S(NASAFA),NASAFA
9092,ALSHIFA EYE CLINIC(TALASH),TALASH
9093,CHAKDARA M/HALL(CHAKDARA),CHAKDARA
9094,ALI M/S(CHAKDARA),CHAKDARA
9095,DR NOOR ZAMEEN SB(SARI BALA),SARI BALA
9096,RIZWAN M/S (TALASH),TALASH
9097,ABDULLAH M/S(GULABAD),GULABAD
9098,SULAIMAN M/S,CHAKDARA
9099,TAHIR M/S(CHAKDARA),CHAKDARA
9100,DR MUHAMMAD REHMAN(CHAKDARA),CHAKDARA
9101,SANA,BATKHILA
9102,ASBAN M/S,CHAKDARA
9103,INAM M/S CHAKDARA,CHAKDARA
9104,SHERAZ M/S(CHAKDARA),CHAKDARA
9105,MURAD M/S CHAKDARA,CHAKDARA
9106,HASHER PHARMECY,CHAKDARA HOSPITAL
9107,NEW GHANI M/HALL(GUL ABAD),GUL ABAD
9108,NAEEM M/S(CHAKDARA),CHAKDARA
9109,GHAFAR M/S(CHAKDARA),CHAKDARA
9110,MANSOOR M/S(GUL ABAD),GUL ABAD
9111,HASAN M/S(TALASH),TALASH
9112,BISAM SERGICAL SERVICE,CHAKDARA
9113,NEW HASSAN M/S(TALASH),TALASH
9114,AMAR M/S,GULABAD
9115,QAYUM M/S CHAKDARA,CHAKDARA
9116,GANDHARA S/COMPANY(CHAKDARA),CHAKDARA
9117,NUJAHID,BATKHILA
9118,NEW SHAHID M/S(CHAKDARA),CHAKDARA
9119,AL NOOR (CHAKDARA),CHAKDARA
9120,NEW SHAFIQ M/S(TALASH),TALASH
9121,DOCTOR M/STORE(HOSPITAL),CHAKDARA HOSPITAL
9123,MADINA M/S (CHAKDARA),CHAKDARA
9124,UNITED M/S CHAKDARA),CHAKDARA
9125,SHIFA M/S(CHAKDARA),CHAKDARA
9126,DR MOKHTIAR CHAKDARA,CHAKDARA
9127,NADEEM M/S,CHAKDARA
9128,NEW KHYBER M/S(CHAKDARA),CHAKDARA
9129,DR MUSTAFA (NASAFA),NASAFA
9130,SHIFA MEDICAL CENTER,CHAKDARA
9131,NAVEED M/S(TALASH),TALASH
9132,SHAH M/S(CHAKDARA),CHAKDARA
9133,MALAKAND M/HALL(CHAKDARA),CHAKDARA
9134,GOHAR M/S(RAMORA),RAMORA
9135,SALEEM M/S,SHAMSHI KHAN
9136,BASIT M/S(CHAKDARA),CHAKDARA
9137,NEW RAHIM M/S(SHAMSHI KHAN),SHAMSHI KHAN
9138,SAMI M/S,TALASH
9139,DOCTOR HOSPITAL(CHAKDARA),CHAKDARA
9140,DR AISM KAMAL CLINIC(CHAKDARA),NEAR GANDAHARA HOSPITAL
9142,AL SAYED M/S,CHAKDARA- (OUCH)
9145,SHAHAB M/S,BATKHILA
9167,RAHIM M/S(SHAMSHI KHAN),SHAMSHI KHAN
9168,IMRAN M/S,GULABAD
9169,IHSAN MEDICOSE & WHOLE SALE,TALASH
9170,AL-HARAM M/HOME(TALASH),TALASH
9171,NEW LUQMAN M/S CHAKDARA,CHAKDARA
9172,DR FALAK NAZ M/S(TALASH),TALASH
9173,INAM M/S (TALASH DHERAI),TALASH
9174,INSAF M/S CHAKDARA,CHAKDARA
9175,REHMAN M/STORE & LAB,HOSPITAL CHAKDARA
9176,DR NAWAZ KHAN C/O M REHMAN,CHAKDARA
9177,TAJ DAR MEDICOSE CHAKDARA,CHAKDARA
9178,ILYAS MEDICOSE (TALASH),
9179,GHANI GUL M/S (GHADAR),CHAKDARA
11000,COUNTER SALE,COUNTER SALE
11004,NASER M/S(TIMERGARA-2),TIMERGARA
12001,NISAR M/S(BARAWAL),BARAWAL
12002,IKHWAN M/S(BARAWAL),BARAWAL
12003,RIAZ M/S(BARAWAL),BARAWAL
12004,IFTIKHAR M/S(BARAWAL),BARAWAL.
12005,NOWSHAD M/S(BARAWAL),BARAWAL
12006,DR MOHIB SB CHOKIATAN,CHOKIATAN
12007,SHAH KHALID M/S(BARAWAL),BARAWAL
12008,BADAR M/S(BARAWAL),BARAWAL.
12009,YOUNAS SONS MEDICOSE MAYAR,MAYAR
12010,IRFAN M/S(BARAWAL),BARAWAL
12011,ISA M/S(BARAWAL),BARAWAL
12012,SHER MOHAMMAD M/S BRAWAL,BRAWAL
12013,TAZAMIN M/S (BARAWAL),BARAWAL
12014,MADINA M/STORE(BARAWAL),BARAWAL
12015,YASHFAIN M/C(BARAWAL),BARAWAL
12016,AL KHADMAT MEDICAL CENTRE,BRAWAL
12017,AKBAR SAID M/S BRAWAL,BRAWAL
12018,GUL M/S BRAWAL,BRAWAL
12019,UMER WAHID(BRAWAL),BARAWAL
12020,NEW AKBAR SAEED M/S BARAWAL,BARAWAL
12021,MUBARAK,M/S(BARAWAL) BARAWAL
12022,SADIQULLAH M/S(BARAWAL),BARAWAL
12023,SAREER M/HOME(BARAWAL),BARAWAL
12024,USMAN M/S(BARAWAL),BARAWAL
12025,IMDAD M/S(BARAWAL),BARAWAL
12026,DR FAZAL JALAL(BARAWAL),BARAWAL
12027,USAMUDDIN M/S(BARAWAL),BARAWAL
12028,NOOR MEDICOSE,BARAWAL
12029,CITY LAB(BRAWAL),BRAWAL
12030,RAFIQULLAH M/S(BARWAL),BARWAL
12031,IQRA M/S (BARAWAL),BARAWAL
12032,QARI GUL AYAZ(BARWAL),BARWAL
12033,LIYAQAT M/S(BARWAL),BARWAL
12034,BIN SHAHI M/S(BARWAL),BARWAL
12035,DR ABDUL AZIZ(BARWAL),BARWAL
12036,AZHAR MEDICOSE,BRAWAL
12037,ALSHIFA M/STORE(BARAWAL),BARAWAL
12038,MAJEED SUPER STORE(BARWAL),BARWAL
12039,M ILYAS M/S(BARWAL),BARWAL
12040,SARZAMIN M/S(DIR),DIR
12041,M NAVEED TANHA(BARAWAL),BARAWAL
12042,MUHAMMAD YOUSAF (BARWAL),BARWAL
12043,MUHSIN MEDICOSE(BRAWAL),BRAWAL
12048,SHER ALAM M/S(BRAWAL),BRAWAL
12099,SIAM M/S,TIMARGARA-B
12100,BILAL AHMAD M/S(BARWAL),BARWAL
12101,IQBAL MEDICOSE(BARWAL),BARWAL
12102,SHAHI MEDICOSE BRAWAL,BRAWAL
12103,KHYBER MEDICOSE,BARAWAL
12104,NAZ MEDICOSE,BARAWAL
16033,LIFE CARE M/S,TIMERGARA AL IMRAN
19001,ALI M/S LOYSAM,LOYSAM
19004,NEW JAMAL M/S,BAJUAR HOSPITAL
19008,PROFISAR KEFAYAT ULLAH,INAYATKALY
19009,UMAIR,INAYAT KALLY
19011,NAEEM HAYAT M/S(ARANG),ARANG
19017,INAM M/S(ARANG),ARANG
19018,NEW SAHIL,BAJUAR HOSPITAL
19020,SHABAB M/S,INAYAT KELLY
19021,DR NAJEEB ULLAH (KOTKA),KOTKA MAKHI
19055,DR SATTAR SB(BAGH BUSHKHAIL),BAGHDUSHKHAIL
19059,HASHIM MEDICOSE,TALASH HOSPITAL
19060,NEW ASFANDYAR MEDICOSE,BAHADAR KHAN PLAZA BATKHELA
19061,NEW SHEFA MEDICOSE,BAHADAR KHAN PLAZA BATKHELA
19062,NEW ALAM MEDICOSE,BAHADAR KHAN PLAZA BATKHELA
19066,NEW NASAR MEDICOSE,BAHADAR KHAN PLAZA BATKHELA
19067,DR SHAFIULLAH KHAZANA,TIMERGARA
19068,UBAID MEDICOSE NEAR FAROOQ M/S,BATKHELA
19069,KASHIF MEDICOSE BATKHELA,BATKHELA HOSPITAL
19071,MOHAMMAD KHAN AVANT PHARMA,MUNDA
19072,ISLAH U DIN,MAIDAN
19074,TIMES PHARMACY,CITY PLAZA
19075,KIFAYAT MEDICOSE,TALASH
19076,NOOR MEDICOSE,PATAC
19077,IHSAN ULLAH PASHAT,BAJUAR B PASHAT
19078,IMTIAZ MEDECOSE,CHAKDARA
19079,FAZLI E WAHAB,RAGHAGAN
19080,CHEIF MEDICOSE,CHAKDARA
19081,WE CARE PHARMACY,TIMARGARA
19082,SAHIL M/HOME,PASHAT
19083,DR IHSAN PATAC,BAJAUR A
19084,ADNAN M/S INAYAT KELLY,INAYAT KELLY
19085,ZAHID M/S PASHAT,PASHAT BAJUAR B
19086,DR IQBAL MALAK DERAKAI,BAJUAR B
19087,SAUD BHU DERAKAI,BAJUAR B
19088,DR GHANI KHAN DERAKAI,BAJUAR B
19089,DR YAR ZAMAN DERAKAI,BAJUAR B
19090,WAHAB,MAYAR
19091,NOMAN MEDICALE CENTER,INAYAT KELLY
19092,DR IQBAL MULK,DERAKAI SLARZO
19093,SAOOD MEDICAIDS SPO,BAJUAR
19094,DR GHANI KHAN,DERAKAI SLARZO
19095,HASNAIN M/S PATAC,BAJUAR A PATAC
19096,SHAKEEL M/S RABAT,KHAL
19097,AZHAR MEDICL LAB,LALQALA
19098,SHAYAN MEDICOSE BAJUAR,BAJUAR
19099,NAMALTRY M/S PATAC,BAJUAR A
19100,HAMDARD M/S SAMER BAGH,SAMER BAGH
19101,HUZEFA TRADER TIMERGARA,TIMERGARA A
19102,DR CHEMIST CHAKDARA,CHAKDARA
19103,NEW IHSAN,TMG B
19104,USAMA M/S LALQALA,MAIDAN
19105,SAJAD M/S MAKHI,BAJUAR A
19106,ABOBAKARM/S,TIMARGARA B
19107,WALID M/S,BAJUAR A
19108,UMAR PHARMACY,BAJUAR HASPATAL
19109,NEW MAIDAN SAMER BAGH,SAMERBAGH
19110,AL NOOR OPTICAL CENTER,CHAKDARA
19111,USMAN DENTAL RAGHAGAN,BAJUAR B
19112,QAZI MEDICOSE KAMBAT,KAMBAT
19113,WILAYAT KHAN MEDICOSE,MAIDAN
19114,NAFEEZ DENTAL CHAKDARA,CHAKDARA
19115,AHMAD WHOLE SALE,TIMERGARA B
19116,SHIFA DENTAL CLINIC,TIMERGARA B
19117,MALAK SAAD M/S,TIMERGARA
19118,NEW TARAN TIMARGARA B,TIMARGARA B
19119,TARIQ M/S,TIMARGARA B
19120,AL KHALID M/S,TIMARGARA B
19121,DR MOHAMMAD TARIQ,MAYAR GAMBEIR
19122,AL SADAT M/S,PASHAT
19123,ALI ZAI MEDICICAL HALL,PATAC
19124,DR MUJEEB U REHMAN MAYAR,MAYAR
19125,ILHAM M/S SAMERBAGH,SAMERBAGH
19126,OSAMA M/S LALQALA,MAIDAN
19127,DR ABDULLAH INAYAT KELLY,BAJUAR A
19128,MIAN M/S BAJUAR KHAR,BAJUAR A
19129,SAHIB ABAD M/S,TIMERGARA
19130,ZIA M/S BATKHILA,BATKHILA
19131,ARSHAD M/S THANA,THANA
19132,MOHSIN M/S THANA,THANA
19133,NAWAZ M/S THANA,THANA
19134,SHEREEN M/S THANA,THANA
19135,DR SALEEM THANA,THANA
19136,NAJEEB ULLAH C/O ALI,
19137,AL NOOR SADBAR KALLY,SADBAR KALLY MUNDA SAMER BAGH
19138,AL FALAH MEDICAL CERTER,SAMER BAGH
19139,WOSHERY M/S,TIMERGARA
19140,ADIL M/S PATAC,PATAC
19141,ZAMZAM M/S PASHAT,PASHAT
19142,KHAN METERNATY HOME,SHAMSHI KHAN
19143,DR INAYAT ULLAH,LALQALA MAIDAN
19144,SHAFIQ KUMBAR,MIADAN
19145,ARSHAD M/S HOSPATAL,
19146,RAZAQ M/S THANA,THANA BATKHILA
19147,GHANI M/S THANA,
19148,KASHIF,TOR CAMP
19149,DISCOUNT PHARMACY,TIMERGARA
19150,LIFE CARE M/S,TIMERGARA B
19151,LIFE LINE M/S KUMBAR,MAIDAN
19152,DR SHAMS HAQ,INAYAT KELLY
19153,NEW NOMAN M/S,CHAKDARA
19154,FARMAN M/S,CHAKDARA
19155,DR ABDUR RAZAQ NAWAGI,BAJUAR A
19156,STAR PHARMACY,SAMERBAGH
19157,SHAMS M/S,BATKHILA
19158,IRSHAD M/S,TIMERGARA A
19159,SAJAD M/S,BAJUAR RAMARGAN
19160,ILHAM CENTER SAMERBAGH,SAMERBAGH
19161,YOUSAFZAI M/S,KHAL
19162,SALEEM M/S,KHAL
19163,SHARIF M/S,KHAL
19164,KHYBER.MEDICOSE,BISHGRAM MAIDAN
19165,M.JABBAR M/S,TIMERGARA B
19166,TAKOR M/S MUNDA,MUNDA
19167,LAHORE MEDICINE POINT,TIMERGARA B
19168,DR SHAKIR PAITO DARA,PAITO DARA
19169,FAROOQ PHARMACY,MUNDA
19170,SHOAIB M/S MUNDA,MUNDA HASPATOL
19171,AHBAB MEDICOSE,TIMERGARA B
19172,ISHAQ M/S KUMBAR,MAIDAN KUMBAR
19173,AL KHIDMAT MEDICAL CENTER,TIMERGARA
19174,UBAID M/S,BAJUAR HASPATAL
19175,SADIQ MEDICALE COMPANY,BAJUAR HASPATAL
19176,DR HABIB GUL,BAJUAR B/INSAF MED CENTER HAJI LAWANG
19177,SKIN CARE M/S,TIMERGARA A
19178,USMAN ENTERPRISES,BAJUAR A
19179,FAZAL MANAN M/S,PASHAT
19180,DR GULL HABIB,RAGHAGAN BAJUAR B
19181,REHMAN MEDICAL CENTER,SAMERBAGH
19182,AL KHIDMAT MEDICAL CENTER,SAMERBAGH
19183,JEHANGIR MED,TEC TIMARGARA B
19184,TALAL MEDICAL HALL,BATKHILA
19185,ATTA M/S,
19186,SOHAIL THANA,BATKHILA
19187,SALMAN M/S NEAR AZIZ,BATKHILA
19188,DR ISHAQ MOHAMMAD OUCH,TALASH
19189,BILAL MEDICOSE,TIMERGARA CITY HOSPATOL
19190,NEW ZARYAB MEDICOSE,LALQALA
19191,HUMZA PASHAT,BAJUAR B
19192,DR ABDUR RAHMAN RAGHAGAN,BAJUAR B
19193,QASAR M/S MUNDA,MUNDA HASPOTAL
19194,AHAD M/S,MUNDA BAZAR
19195,USAMA SURGICAL CENTER,BATKHILA
19196,AZAM KHAN MEDICAL STORE,TIMERGARA B
19197,ZIAD MEDICOSE,TIMERGARA B
19198,AL KHIDMAT METERNITY HOME,TIMERGARA B
19199,SHAHEEN M/S,LALQALA
19200,QAZI SURGICAL,LALQALA
19201,M-ISHAQ,KUMBAR
19202,DR RAHAT JAN,RAGHAGAN BAJUAR B
19203,ANJUM M/S,TMERGARA B
19204,DR USMAN RAGHAGAN,BAJUAR B
19205,HANEEF PASHAT,BAJAUR B
19206,SHAYAN,KUMBAR ZIMDARA
19207,ZAIB M/S,KUMBAR MADAIN
19208,DR BASHIR AHMAD,BAJUAR B
19209,HADEES MEDICAL STORE,BATKHILA
19210,ALI INTERPRISES,TIMERGARA
19211,NEW HAMID PHARMACY,TIMERGARA A
19212,ABBAS METERNITY HOME & HEALTH,BAGH DUSHKHEL
19213,ALAM ZEB M/S,BAJUR HOSPATAL
19214,ISMAIL M/S RAGHAGAN,BAJUAR B
19215,STANDARD SERGICAL SERVICES,PASHAT
19216,AJMAL M/S,GUL ABAD
19217,PAK PHARMACY,TIMARGARA
19218,JUNIAD JUMSHED M/S,TIMERGARA B
19219,INSAF DENTAL CLINIC RAGHAGAN,BAJUAR B
19220,HAMZA M/S PASHAT,BAJUAR B
19221,AZIZ MEDICOSE SAMARBAGH,SAMERBAGH
19222,DR SHAMS ULHAQ,INAYAT KALEY
19223,TARIQ SAMERBAGH,SAMERBAGH
19224,SHAFI MEDICINE POINT,MUNDA
19225,NEW MIAN,BAJUR KHAR
19226,DR ABDUL SALAM,
19227,DR DOST MOHAMMAD QAZAFI,PASHAT
19228,FEDA M/S HOSPATAL,BATKHILA
19229,RAHIM M/S,KHAR HOSPITAL
19230,DR AZIZ SB TOR QALA,MAYAR
19231,AMIR MEDICINE POINT,TIMERGARA B
19232,ILHAQ KUMBAR,MAIDAN
19233,NEW ZESHAN,BAJUR HOSPITAL
19234,SIYED,INTERPRISES BAJUR.KHAR
19235,ABDUR REHMAN M/S RAGHAGAN,BAJUAR B
19236,YASEEN ENTERPRISES,BAJUAR HOSPITAL
19237,KHALIL M/S. GAIT NO (2),CHAKDARA
19238,MEHMOOD BACHA M/S TMG,MUNDA
19239,BARAWAL M/S,TIMERGARA
19240,HAKIM KIFAYAT ULLAH 2,TALASH
19241,NAZIR MEDICOSE,TIMERGARA
19242,SADAT M/S KUMBAR,KUMBAR
19243,DR MOHAMMAD YOUNUS RAGHAGAN,BAJUAR B
19244,ILHAM,TIMERGARA B
19245,NEW KASHIF M/S,TIMERGARA B
19246,NEW FRIEND M/S,COMBAT
19247,NEW SAAD MEDICAL STOR,SAMER BAGH
19248,INAYAT MEDICOSE,TIMERGARA B
19249,KHAN G MEDICOSE,TIMERGARA B
19250,AL NAJAM MEDICOSE,BATKHILA
19251,AHMAD M/S,INYAT KALEY
19252,SADAM MEDICOSE,TALASH
19253,NAWA M/S,PHATAK
19254,ZAIB MEDICAL STORE,BAJUAR B PASHAT
19255,FARMAN PASHAT,BAJUAR B
19256,SYED M/S TIMERGARA,TIMERGARA B
19257,MEDRECT PHARMACY,TIMERGARA B
19258,SINAN HEATH CARE,BAJUAR RAGAGHAN
19259,ZEESHAN M/S,CHAKDARA
19260,ZAIB PHARMACY,TIMERGARA
19261,HABIB MEDICAL CENTER MAYAR,MUNDA MAYAR
19262,SHAKIR M/S MUNDA,MUNDA
19263,UTMAN KHEL M/S MUNDA,MUNDA
19264,MUJAHID M/S,BATKHILA
19265,MEDICARE PHARMACY,CHAKDARA
19266,ALAM GEER M/S KHWAR,TIMERGARA B
19267,USHARAI,TIMERGARA
19268,DR BAKHT SARVAR SB,MILA DAG
19269,AYAN M/S,KAMBAT
19270,KHALIGI M/S,SADBAR KALEY
19271,TAJAK M/S HOSPATAL,CHAKDARA
19272,IHSAN ULLAH SB NAWAGI,BAJUAR A
19273,AFEERA M/S,SHAMSHIKHAN
19274,ZOHAIB M/S BATKHILA,BATKHILA
19275,NAVEED,SAMARBAGH HOSPT
19276,JAN PHARMACY,KUMBAR
19277,DR BAWAR KHAN,HAJI LAWANG
19278,DR KHAYISTA REHMAN,SAMER BAGH
19279,TALASH MEDICAL COMPLEX,TALASH
19280,ASHFAQ AHMAD M/S,CHAKDARA
19281,ZAID PHARMACY,CHAKDARA
19282,ARHAM M/S SHAMSHI KHAN,TALASH
19283,SUDAIS MEDICAL COMPANY,TIMERGARA B
19284,SULTAN ZAIB RAGHAGAN,BAJUAR B
19285,RIAZ MEDICOSE TIMERGARA,TIMERGARA B
19286,PAK MEDICALE STORE,TIMERGARA NEAR NAJMA NADEEM
19287,OK PHARMCY,TMG
19288,DR SAYED SALEEM PHARMACY,KAMBAT
19289,MIFTAH M/S C/O DR KARIM KHAN,BAJUAR HOSPITAL
19290,RAHMAT,BAJUAR INYAT KALEY
19291,MEHRAN M/S CHAKDARA,CHAKDARA HOSPITAL
19292,SAMER BAGH MEDICALS STOR,TIMERGARA B
19293,MANZOOR M/S KHWAR,TIMERGARA B
19294,UNIQE,SADBAR .KALAY
19295,NEW SHAHEEN M/S,TIMARGARA
19296,IBRAR,KHAR HOSPATAL BAJUAR A
19297,SHEKH KHAR HOSPITAL,BAJUAR A
19298,ALBARK PHARMACY,TALASH
19299,HAMDARD M/S WHOLE SALE,RAGHAGAN
19300,DR IQBAL KUMBAR,KUMBAR MAIDAN
19301,MAIDAN M/S KAMBAT,KAMBAT
19302,ALHAQ,TIMERGARA AZHAR PLAZA
19303,BADARZ M/S,BATKHILA
19304,MEHMOOD PHARMACY CHAKDARA,CHKADARA
19305,HAMDARD CHAKDARA,CHAKDARA
19306,PAKISTAN M/S,INYAT KALEY
19308,NATIONAL PHARMCY,TALASH
19309,STAR MEDICOSE CHAKDARA,CHAKDARA HOSPATOL
19310,MAMUND MEDICAL CENTER,INAYAT KALEY
19311,IZHAR M/S THANA,BATKHILA
19312,IHSAN M/S TOTAKAN,BATKHILA
19313,AYOB M/S TOTAKAN,BATKHILA
19314,WILAYAT M/S,TIMERGARA
19315,PAKISTAN TRADER,BATKHILA
19316,DR INAM ULLAH SB,KUMBAR MAIDAN
19317,DAY NIGHT MEDICOSE,BATKHILA
19318,D.VOICE,KUMBAR
19319,NASIR M/S,TIMERGARA B
19320,AZAD M/S,BAJAUR HOSPITAL
19321,BROTHERS M/S,BATKHILA
19322,DR YAR ZAMAN,KHAR HOSPATAL
19323,JAMAL,BAJUAR HOSPITAL
19324,MASHWANI,SAMARBAGH
19325,NEW ZEB CHAKDARA,NEAR LUQMQN CHAKDRA
19326,ATTA U REHMAN,KUMBAR
19327,PASHAT KHAR HOSP,M-S
19328,DR GHANI GUL GADAR,
19329,NASEEM GULB,GULABAD
19330,BAJUR KUMINITY,BAJUR HOSPTAL
19331,ZOBAIR M/S RAGHAGAN,RAGHAGAN
19332,LATEEF M/S,TIMERGARA
19333,MADINA SURGICAL,TIMERGARA B
19335,AWER GREEN M/S,BATKHILA
19336,AL BARKA PHARMACY,KHAL BAZAR
19337,ZAKIR M/S,KHAR HOSPTAL
19338,MADINA MEDICOSE,TIMERGARA B
19339,FARMAN M/S,LALQALA
19340,YOUNEEK SADBAR KALLY,SADBAR KALLY
19341,WARDAK M/S,TIMERGARA B
19342,KAMBAT SAMERBAGH M/S,TIMERGARA B
19343,NEW SALMAN NEAR RAHIM,TIMERGARA B
19344,DANYAL PHARMACY,TIMERGARA B
19345,SHOWKAT M/S,BAJUAR HOSPATOL
19346,MIAN M/S,TIMERGARA B
19347,GOHAR M/S,TIMERGARA B
19348,SAPA-Y-MAKKA,TIMERGARA B
19349,MUSHTAQ M/S,TIMERGARA B
19350,ISRAIL M/S C/O DR IZAT KHAN,BAJUAR A
19351,IBRAR & SHAYAN PHARMACY,BATKHILA
19352,ZAIB CLINICAL LABORTRY,RAGHAGAN
19353,HAMDARD MEDICOSE,PASHAT
19354,WISAL M/S SHAMSHE KHAN,TALASH SHAMSHE KHAN
19355,AYAN MEDICOS TMG,TIMERGARA B
19356,BEN AMIN PHARMACY CITY MEDICAL,TIMERGARA B
19357,RAHEEM M/S,TIMERGARA
19358,NEW KAMAL M/S,MIADAN LALQALA
19359,KHAN PHARMACY,GULL ABAD
19360,NEW RABAT,TIMERGARA
19361,ALFAGER PHARMACY,BATKHILA
19362,HAMDARD M/S,TIMERGARA B
19363,SUBHAN HEALTH CARE,SAMERBAGH
19364,MALAK TRADER,BAKHILA
19366,ASAD MEDICOSE,SHAMSHE KHAN
19367,AL FAGER M/S,TIMERGARA B
19368,HUSSAIN ULLAH C/O DR FEROOZ,SAMARBAGH
19369,DR MUSTAFA KOTO,KOTTO
19370,DR HAFEEZ IMRAN KHAL,KHALL
19371,SAJJAD M/S C/O AMIN M/S,KHAR
19372,HAMDAN M/S,TIMERGARA B
19373,AL HAYAT CENTER MALTO BAGH,SAMERBAGH
19374,DUAA M/S BRANCE NO 2,TIMERGARA
19375,DR TAHSEEN,SAMAR BAGH
19376,SAHIL M/S,TALASH SHAMSHE KHAN
19377,MOTHER CARE,TIMERGARA B
19378,KHAN PHARMACY,TALASH SHAMSHE KHAN
19379,FAYAZ BALAMBAT,TIMERGARA B
19380,UKASH MEDICOSE,TIMERGARA B
19381,HIKMAT M/S,TIMERGARA B
19382,HALLEEM M/S,MUNDA BAZAR
19383,NEW DIR M/S,TIMERGARA B
19384,JUNAID MEDICOSE TOTAKAN,BATKHILA
19385,ILHAM M/S PASHAT,PASHAT
19386,UNITED M/S TMG,TIMERGARA B
19387,QAZAFI UTMAN KHEL,TIMERGARA B
19388,SALMAN M/S GULU SHAH,RGHAGAN
19389,PAK MEDICAL CENTER,SADBER KALLY
19390,BAKHT SAID M/S,TIMERGARA
19391,ISLAMIC M/S,TIMERGARA B
19392,MUKHTAR M/S,LALA QALA
19393,MEHMOOD CENTER,GUL ABAD
19394,SHAH ALAM S.P.O,BATKHILA
19395,HAMDAN M/S,MAYAR
19396,INAM M/S PASHAT,PASHAT
19397,ASHFAQ METERNITY HOME,MAIDAN
19398,SAFI ULLAH M-S,MAIDAN BANDI
19399,NEW PESHAWAR,TIMERGARA B
19400,DR INAMURAHMAN,KUMBAR
19401,ZIAUHAQ MED CENTRE,LALQALA
19402,MASI ULLAH,MAIDAN BANDI
19403,IBRAHIM M/S,KHAR HOSPTIAL
19404,FAZAL U REHMAN M/S,TALASH
19405,LUCKY M/S,TIMERGARA B
19406,GO GO PHARMCY,TIMERGARA A
19407,DENA MEDICOSE,TIMERGARA B
19408,NAZIM MEDICOSE,TIMERGARA B
19409,ABASEEN PHARMACY,CHAKDARA
19410,SHAHID M/S C/O RAEES,TIMERGARA A
19411,SHARIF M/S,S.P.O SAEED
19412,EMARAT M/S,TIMERGARA B
19413,GARDEN M/S,TIMERGARA B
19414,MOHSIN M/S,TIMERGARA B
19415,SIYAL MEDECOSE,KHAR BAJUAR
19416,BILAL PHARMACY,CHAKDARA GATE NO: 2
19417,NAEEM M/S,MAIDAN MARKHRY
19418,BAGAM MEDICAL STORE,TIMERGARA B
19419,MURAD M/S,KUMBAR MARKHRY
19420,SALEEM M/S,MAIDAN BANDI
19421,NEW LAWARY DIR,DIR DISTRIBUTION
19422,NEW SHAHID,TIMERGARA B AZHAR CENTERE
19423,NEW CARE M/S,TIMERGARA B
19424,NEW SHAH ZEB M/S,TIMERGARA B
19425,DUA PHARMACY NO 2,TIMERGARA 2
19426,ASAD MEDICAL STOR,BATKHILA
19427,MALAK M/S LALQALA,MAIDAN
19428,ZAM ZAM M/S,MAYAR
19429,DR RAHAT ULLAH,KHALL
19430,SADAM INTERPRISES,KHAR BAJUAR
19431,AMAN MEDICOSE,MAIDAN BANDI
19432,IMRAN MEDICOSE,MUNDA
19433,DR SHAKEEL KHAL,KHAL KOZ KALEY
19434,KAMAL M/S KHAR,BAJUAR KHAR
19435,TAIMOR ZAIB,MAIDAN BANDI
19436,M-SHAMSHIKHN,TALASH
19437,ISLAMIC MEDICAL STORE,CHAKDARA
19438,SHAH NO 2 M/S,TIMERGARA B
19439,FAROOQI M/S ASAD KHAN,TALASH SHAMSHI KHAN
19440,RAZA HEALTH CENTER,WARI JAGAM
19441,DR AZIZ SB BALAMBAT,TIMERGARA B
19442,JANL LALAQALA HOSPITAL,MAIDAN
19443,KHAN M/S RABAT,RABAT WARI
19444,ALKHIDMAT M/S,TIMERGARA B
19445,RIZWAN M/S,MANYAL
19446,IRSHAD KHAN M/S,KHALL
19447,KHALIL M/S BAHADER KHAN HOS,BATKHILA
19448,MEDRECT INT HOSPITAL,TIMERGARA
19449,ATTAULLAH M/S,INAYAT KALEYY
19450,ITTFAQ KAMBAT,KAMBAT
19451,MUSA MEDICAL STORE,KAMBEER MAYAR
19452,NASIR M/S,NAWAGI
19453,BADSHAH M/S,MAYAR
19454,IKRAASH,TIMERGARA .B
19455,AMAN INTERPRIES,INAYAT KALEY
19456,IRFAN MEDICAL STORE,TIMERGARA B
19457,ISLAM ZAIB M/S,TIMERGARA B
19458,NEW SHAHEEN M/S,KUMBAR
19459,HAMDARD M/S,ARANG KHAR
19460,MURAD M/S,MALAK ABAD BALAMBAT
19461,IBAD M/S,TIMERGARA B
19462,ASGHAR SHAEED HOSPATAL,MAYAR
19463,KHYBER PHARMACY,CHAKDARA
19464,ZAKRIA M/S,GULABAD
19465,IFTIKHAR M/S,TIMERGARA B
19466,FAYAZ M/S MUNDA,BAJAUR ROAD MUNDA
19467,KAREEM MEDICAL CENTER,BANDAGAI TALASH
19468,HEALTH CARE M/S,CHAKDARA
19469,HAYAT ABAD M/S,TIMERGARA B
19470,HAJI DAWOOD PHARMACY,TIMERGARA B
19471,ALAM PHARMACY,TIMERGARA B
19472,SHOAIB TRADER,MUNDA BAZAR
19473,SKY,PHARMACY LALQALA
19474,AL HAQ MEDICOSE,LALAQALA
19475,WISAL MEDICOSE TMG,TIMERGARA
19476,PHARMA CARE PHARMACY,TIMERGARA B
19477,ROHAN PHARMACY,TIMERGARA B
19478,FAZAL M/S MUNDA,MUNDA
19479,JIBRAN M/S,TIMERGARA B
19480,ALSHIFA M/S LALQALA,LALQALA MAIDAN
19481,HUSSAIN M/S PATAK,BAJAUR A
19482,GULL NABI,TIMERGARA B
19483,SALMAN M/S LALAQALA,MAIDAN ZIA PLAZA
19484,NEW KOTO,TIMERGARA B
19485,AL TAAJ WARI,WARI DIR
19486,HAFEEZ KHALL,DIR KHAL
19487,INSAF PHARMCY SEHAT HOSPITAL,TIMERGARA B
19488,IHSAN M/S MUNDA,MUNDA
19489,HASHMI PHARMACY,JASMIN PLAZA B
19490,USAMA M/S,MUNDA
19491,NEW JAN PHARMACY,TIMERGARA B
19492,DR FAHAD SHENWARI,TIMERGARA
19493,DR ABDUL WAHAB PHARMACY,TIMERGARA
19494,MUSSA M/S ANWAR ABAD,TIMERGARA
19495,KAKA KHEL,MAYAR
19496,SHAHID M/S,SADBAR KALEY
19497,DIN M/S,TIMERGARA .B
19498,NEW AHMAD,CITY CENTRER
19499,ANWAR C/O MEER MIDICOSE,CITY CENTER
19500,AJMAL MEDICUSE,SDABAR KALEY
19501,SANGWALAI M/S,TIMERGARA B
19502,FARMAN M/S MAYAR,MAYAR
19503,BAKHTAWAR MEDICAL CENTER,MAYAR
19504,HAYAT M/S ADDA,TIMERGARA B
19505,REHMAN DOCTOR .HOSPIROL,TIMERGARA B
19506,ISLAMABAD PHARMACY,TIMERGARA B
19507,SAFYAN M/S,TIMERGARA B
19508,PAKHTUNKHWA M/S,TIMERGARA B
19509,AFNAN PHARMACY,TIMERGARA B
19510,ISMAIL M/S,TIMERGARA B
19511,JAWAND M/S,LALQALA
19512,FAYAZ & NASIR M/S,AZHAR CENTER
19513,JASMINE PHARMACY,TIMERGARA B
19514,DOCTOR PHARMCY,LALQALA
19515,ZOYA MEDICNE PONIT,TIMERGARA .B
19516,AFSHAH M/S,TIMERGARA .B
19517,NEW SHAHID M/S,ITTEFAQ PLAZA TIMERGARA B
19518,RIYAZ M/S,SUMARBAGH
19519,ISHAQ M/S MUNDA,MUNDA
19520,ANAS M/S,TIMERGARA B
19521,WAHAB KEDNEY CENTER,TIMERGARA B
19522,AJMAL M/S,TIMERGARA B
19523,IFTIKHAR M/S MUNDA,MUNDA
19524,IRFAN M/S,LALAQALA
19525,JAWAD AHMAD PHARMCY,TIMERGARA B
19526,NOOR SKIN CARE CENTER,TALASH
19527,MARHABA M/S,KUMBAR
19528,MARHABA M/S,LALAQALA
19529,RAHAT ULLAH C/O SAEED,KHALL
19530,MEHBOOB PHARMACY,
19531,ALTAAF M/S,TIMERGARA .B
19532,NEW LATEEF M/S,NEAR QAZI LAB TIMERGARA B
19534,JABAL M/S BATKHILA,BATKHILA
19535,ABU HASHIM PHARMACY,NEW AL IMRAN
19536,ORANGE PHARMCY,TIMERGARA B
19537,IBRAR M/S,TIMERGARA .B
19538,USHARI M/D,TIMERGARA .B
19539,TAJUDDIN M/S,TIMERGARA ALIMRAN PLAZA
19540,RAHMAN MEDICOSE,TIMERGARA .B
19541,RAKAN MEDICOSE,AL SEHAT HOSPITAL TIMERGARA B
19542,SAJID M/S C/O BASIT ALI S.P.O,WALAI KHAZANA
19543,ALLIED M/S TMG,TIMERGARA
19544,GODAR M/S TMG,TIMERGARA
19545,DR SADIQ TUR KAMP,MUDA TOR KAMP
19546,DR FAHAD SHINWARI SB,TIMERGARA B
19547,WATAN M/S TIMERGARA,TIMERGARA A
19548,MERAJ MEDICAL STORE,UPER DIR
19549,RIAZ M/S,BANDAGAI TALASH
19550,AL MADINA M/S,BATKHILA
19551,ROGHANI M/S,BATKHILA
19552,DOCTOR HOSPITAL,TIMERGARA B
19553,IKRAN MEDICAL STORE,TIMERGARA B
19554,HAMAD:PAHARAMCY,TIMERGARA B
19555,DR SADIQUE ULLAH,TIMERGARA
19556,FAROOQ SPO STANLEY,PAITO
19557,MURAD M/S,TIMERGARA B KANDARO
19558,WE CARE PHARMCY,SUMAR BAGH
19559,BIO FLY MEDICAL CENTER,WALAI TIMERGARA B
19560,NEW,SAHIL TIMERGARA A
19561,WALID PHERMECY,TIMERGARA B
19562,FARMAN M/S,MAYAR
19563,SAEED M/S MAYAR,MAYAR HOSPITAL
19564,HASHIR,SAMERBAGH
19565,NAVEED M/S MAYAR,MAYAR
19566,SADDIQ M/S,WALY KANDAW
19567,ZARYAB HEALTH CARE CLINIC,USHERAY
19568,NEW LATIF M/S,TIMERGARA B
19569,PAK ROGHANI M/S,TIMERGARA B
19570,NEW WAKEEL PHARMCY,TIMER GARA
19571,DR SAMI UL HAQ SB,TIMERGARA
19572,DAL GRAM PHARMCY,LALQALA
19573,SAJAD ROGHANI,AZHAR PLAZA TIMERGARA
19574,DOCTORY PHARMCY,TIMERGARA B
19575,ALSHIFA M/S,KALADOG MAIDAN
19576,EMAN MEDICNE COMPNEY,TIMERGARA AL IMRAN HSP
19577,JEHANGIR MEDCAL TEC,TIMERGAR
19578,M-S,PHARMCY TIMERGARA NEW AL IMRAN
19579,INSAF M-S,KAMBAT
19580,LADY DR SHEMALA GOHAR,KHAL-WARI
19581,KASHIF M/S,TOR CAMP
19582,DUA MEDICAL CENTER,HAYASIRAI
19583,NEW MODERN M/S,TIMERGARA .B
19584,SOHRAB MEDICAL STORE,TIMERGARA B
19585,IDREES M/S,MAIDAN LALQALA
19586,CRESCENT PHARMACY,TIMERGARA BLAMBAT
19587,NILL,TIMERGARA B
19588,SAID SALMAN PHARMACY,TIMERGARA B
19589,GREEN HAMDARD M-S,TIMERGARA.B
19590,JAHANGIR MEDICAL TEC,TIMERGARA
19591,ALTAAF M/S,TIMERGARA B
19592,DR JANGIR MEDICAL TEC,TIMERGARA B
19593,GREEN USHERI,TIMERGRA AL IMRAN PLAZA
19594,AL FATHA,MUNDA BAZAR
19595,DR PHARMACY,KOTKAY
19596,QAYOOM ENTERPRISES,MAIDAN KUMBAR
19597,KUMRAT PHARMACY,TIMERGARA B
19598,ZAKRIA PHARMACY,TIMERGARA B
19599,QASIM MEDICAL STORE,WARI
19600,NEW ROGHANI MEDICOSE,WARI
19601,NEW SHAFIULLAHA,TIMERGARA B
19602,ASMAT,SUMAR BAGH HOSPITAL
19603,AMIN CARE PHARMACY,MAIDAN KUMBAR
19604,NEW SUDAIS M/S,TIMERGARA .B
19605,NEW HAMID M/S NO 2,TIMERGARA .B
19606,DR BAKHT MUHMMAD,KAMBAT
19607,IRFAN M/S,TIMERGARA .A
19608,ALLID HOSPITAL,TIMERGRA B.
19609,AL FARABI,TMG .B
19610,ZIA M/S NO 2,TIMERGRA B. CITY HOSPITAL
19611,TAUSEF M/S,TIMERGARA
19612,M.M.C MEDICAL CENTER,WARI
19613,ADVINCE M/S,SUMARBAGH HOSPITAL
19614,HAMID M/S,SUMARBAGH HOSPITAL
19615,ALAM ZAMAN M/S,MUNDA HOSPITAL
19616,MANSOOR M-S,MUNDA HOSPITAL
19617,AL MADEENA M/S,KHAL
19618,HAYAT PHARMACY,KUMBAR
19619,NEW KHAN ROGHANI PHARMACY,TIMERGARA B
19620,HAQ HOMIO HOSPITAL,KHAL BAZAR
19621,AHMAD PHARMACY,WADIGRAM
19622,HANZALA M/S,MALTOBAGH
19623,DR PHARMACY,RABAT
19624,PAKISTAN M/S,KHAL
19625,SULIMAN M/S,KHAL
19626,WAQAR M/S,LALQALA
19627,NEW WAHEED,TIMERGARA
19628,SMART CARE,GORGURAI CHAWAK TIMERGARA .B
19629,JASMIN PHARMACY SEHAT CARD,TIMERGARA B
19630,DR INAM WARI,KHAN WARI
19631,TAWHEED M/S,BATKHILA
19632,MIRAJ M/S,TIMERGRA B KWAR
19633,DR SHABIR AHMAD,MAIDAN ZIMDAZRA
19634,SADAT MEDICOSE,MAIDAN ZIMDARA
19635,IRSHAD MISHWANI,BALO KHAN MAIDAN
19636,BISHGRAM HOSPITAL,MAIDAN
19637,MUHMMAD ZAMIN M/S,ZIMDARA
19638,DR QAZI INAM M/S,KUMBAR
19639,DISCOUNT M/S,ZIMDARA MAIDAN
19640,ZIAD MEDICOSE,SHAGAI MAIDAN
19641,DR AZIZ SB,ZIMDARA MAIDAN
19642,FAZAL PHARMACY,HAYASEARI MAIDAN
19643,MAQSOOD JAN M/S,TIMERGARA KOTO
19644,PLUS PHARMACY M-S,TIMERGRA B CITY HOSPITAL
19645,RAFEE,M/S SUMARBAGH
19646,DR ZIA UL HAQ SB,ZIMDARA
19647,GREEN PHARMACY,MAIDAN
19648,DR SAFI ULLAH,BANDAI MAIDAN
19649,KHALID MEDICOSE,SHAGAI MAIDAN
19650,MEHTAB MEDECOSE,TIMERGARA B
19651,DR ANWAR ZAIB,SHAGAI MAIDAN
19652,SAYED MEDICOSE,TIMERGARA
19653,FAWAD JAGAM,WARI
19654,ANWAR ZEB M/S,SHAGAI MAIDAN
19655,BACHA ZADA,SAHGAI MAIDAN
19656,MEDIPLUS Medicine & Surgical,SAMER BAGH
19657,BRAND PHARMACY SKIN CENTER,TIMERGARA B
19658,DR KIFAYAT,TIMERGARA B
19659,DR WAJID KHAN,TIMERGARA B
19660,DR MUHAMMAD WASIM,TIMERGARA B NEAR HANIF
19661,ALI M-S,LALQALA
19662,FARID MEDICOSE,KHAL WARI
19663,SHAYAN MEDICAL CENTER,MAIDAN KUMBAR
19664,ABDUL BASHAR,SADBAR KALLY
19665,ZIA UL HAQ C/O SANA PHARMACY,ZIMDARA
19666,MOMIN PHARMACY,TIMERGARA B
19667,SOHAIL M-S,LALQALA
19668,DOCTOR PHARMACY,KUMBAR
19669,AL SEHAT HOSPITAL,TIMERGARA B
19670,WATAN M/S,TIMERGARA B
19672,RITE AID PHARMACY,LALQALA
19673,DR NOOR HADI,BISHGRAM
19674,MASOOD M/S,KUMBAR
19675,PRO CARE PHERMA,TIMERGRA B
19676,SUMAR BAGH M/S,TIMERGARA B
19677,MUSSA M/S,TIMERGRA B
19678,NAZEER M/S,KAMBAT
19679,ADNAN PHARMACY,KAMBAT
19680,ABDULBASIR M/S,SADBAR KALEY
19681,IMAN MEDICOSE,KUMBAR
19682,DR MARYAM MAQSOOD,TIMERGARA B
19683,AMIN CARE PHARMACY,KUMBAR
19684,WAHAB PHARMACY,TIMERGARA
19685,DAWOOD MEDICOSE,TALASH
19686,ASNAF PHARAMACY,TIMERGARA B
19687,ADNAN M/S,TIMERGARA B
19688,SALARZAI M/S,DOCTOR HOSPITAL TIMERGARA B
19689,KARACHI PHARAMACY,TIMERGARA B
19690,SARDAR ALI,MANYAL MAIDAN
19691,SHAN PHARMACY,TIMERGARA
19692,MUSHTAQ M/S,MANYAL MAIDAN
19693,DR MUKHTIAR SB,AKHAGRAM
19694,RAHAIL M/S,TIMERGARA B CITY HOSPITAL
19695,DR MAMOOR RAHMAN,MAIDAN
19696,TAHIR M/S,KAMBAT
19697,KHAN MEDICAL STORE,TIMERGARA
19698,DR FAZLI MULA,MAIDAN BANDI
19699,NEW ALMADINA,SUMARBAGH HOSPITAL
19700,SAAD M/S,SUMARBAGH BAZAR
19701,ARMAN M/S,LALQALA
19702,RAHMAN M/S,LALQALA
19703,DR OMER NASAR,MAIDAN
19704,AFRA SYAB MEDICOSE,KAMBAT
19705,ABAS M/S,KAMBAT
19706,SAMIULLAHA,KUMBAR MAIDAN
19707,ROHAIL M/S,TIMERGARA B
19708,SINAN PHARMACY,AZHAR CENTER
19709,DOCTOR HOSPITAL,KAMBAT
19710,NISAR MEDICOSE,TIMERGARA .B
19711,G.T.R. PHARMACY,HAYA SERAI MAIDAN
19712,NEW HAMDARD M/S,SUMARBAGH
19713,JAMSHEED,
19714,DIR MEDICAL STORE,SUMAR BAGH
19715,RAUF PHARMACAY,TIMERGARA: B
19716,RAHMAN MEDICAL STORE,KALADAG :MAIDAN
19717,FARID:PHARAMCY,KAMBAT
19718,DR IBRAHIM,KUMBAR
19719,JANAT PHARMACY,TIMERGARA .B
19720,HUSSAIN TRADERS,TIMERGARA .B
19722,SHAH INTER PRISE,SUMAR BAGH
19723,SERAJ MEDICAL STORE,MUNDA
19724,AURANGZEB M/S,SHAGAI MAIDAN
19725,JAN MEDICOSE,LALQALA
19726,MASHAL MEDICOSE,KUMBAR
19727,MUNDA MEDICOSET,TIMERGRA B
19729,AMJAD MEDICOSE,TIMERGARA .B
19730,IHSAN PHARAMACY,TIMERGARA .
19731,AL HADI MEDICOSE,TIMERGARA .B
19732,SAEED PHARMACY,KAMBAT
19733,AMIN SURGICAL,TIMERGARA NEAR SHOUKAT KHANAM(IK) LIBARE
19734,MUNDA MEDICAL HALL,MUNDA BAZAR
19735,NEW WHOLE SALES STORE,TIMERGARA
19736,SAKOON HOSPITAL,TIMERGARA
19737,AHNAF M/S,TIMERGARA .B
19738,WAQAR M/S,
19739,AL-SAYYED PHARMACY,KAMBAR
19740,PHARMACY PLUS CO/SENA,KAMBAT
19741,AL SAYYED PHARMACY,KAMBAT
19742,AFSHAN MEDICOSE,SUMAR BAGH
19743,KAMAR TAL PHARMACY,TIMERGARA
19744,REHAN ENTERPRISE,MUNDA
19745,IJAZ PHARMACY,KAMBAR
19746,GREEN WARI,TIMERGARA B
19747,WAJID PHARMACY,RIMERGARA B
19748,LADY DOCTOR FARUKH NAAZ,SAMAR BAGH
19749,DR SAMIULLAHA,KAMBAT
19750,M-ZAID M/S,KAMBAT
